t_s,v_kmh,a_ms2,dist_cum_m,debit_comb_g_s,consum_cum_l,CO2_g_s,CO2_cum_g
0,0.0,0.0,0.0,0.1276,0.0002,0.4031,0.4
1,0.0,0.0,0.0,0.1276,0.0003,0.4031,0.8
2,0.0,0.0,0.0,0.1276,0.0005,0.4031,1.2
3,0.0,0.0,0.0,0.1276,0.0006,0.4031,1.6
4,0.0,0.0,0.0,0.1276,0.0008,0.4031,2.0
5,0.0,0.0,0.0,0.1276,0.0009,0.4031,2.4
6,0.0,0.0,0.0,0.1276,0.0011,0.4031,2.8
7,0.0,0.0,0.0,0.1276,0.0012,0.4031,3.2
8,0.0,0.0,0.0,0.1276,0.0014,0.4031,3.6
9,0.0,0.0,0.0,0.1276,0.0015,0.4031,4.0
10,0.0,0.0,0.0,0.1276,0.0017,0.4031,4.4
11,0.0,0.0,0.0,0.1276,0.0018,0.4031,4.8
12,0.0,0.0,0.0,0.1276,0.002,0.4031,5.2
13,0.0,0.0,0.0,0.1276,0.0021,0.4031,5.6
14,0.0,0.0,0.0,0.1276,0.0023,0.4031,6.0
15,0.0,0.0,0.0,0.1276,0.0024,0.4031,6.4
16,0.0,0.0,0.0,0.1276,0.0026,0.4031,6.9
17,0.0,0.0,0.0,0.1276,0.0028,0.4031,7.3
18,0.0,0.0,0.0,0.1276,0.0029,0.4031,7.7
19,0.0,0.0,0.0,0.1276,0.0031,0.4031,8.1
20,0.0,0.0,0.0,0.1276,0.0032,0.4031,8.5
21,0.0,0.0,0.0,0.1276,0.0034,0.4031,8.9
22,0.0,0.0,0.0,0.1276,0.0035,0.4031,9.3
23,0.0,0.0,0.0,0.1276,0.0037,0.4031,9.7
24,0.0,0.0,0.0,0.1276,0.0038,0.4031,10.1
25,0.0,0.0,0.0,0.1276,0.004,0.4031,10.5
26,0.0,0.0,0.0,0.1276,0.0041,0.4031,10.9
27,0.0,0.0,0.0,0.1276,0.0043,0.4031,11.3
28,0.0,0.0,0.0,0.1276,0.0044,0.4031,11.7
29,0.0,0.0,0.0,0.1276,0.0046,0.4031,12.1
30,0.0,0.0,0.0,0.1276,0.0047,0.4031,12.5
31,0.0,0.0,0.0,0.1276,0.0049,0.4031,12.9
32,0.0,0.0,0.0,0.1276,0.005,0.4031,13.3
33,0.0,0.0,0.0,0.1276,0.0052,0.4031,13.7
34,0.0,0.0,0.0,0.1276,0.0053,0.4031,14.1
35,0.0,0.0,0.0,0.1276,0.0055,0.4031,14.5
36,0.0,0.0,0.0,0.1276,0.0057,0.4031,14.9
37,0.0,0.0,0.0,0.1276,0.0058,0.4031,15.3
38,0.0,0.0,0.0,0.1276,0.006,0.4031,15.7
39,0.0,0.0,0.0,0.1276,0.0061,0.4031,16.1
40,0.0,0.0,0.0,0.1276,0.0063,0.4031,16.5
41,0.0,0.0,0.0,0.1276,0.0064,0.4031,16.9
42,0.0,0.0,0.0,0.1276,0.0066,0.4031,17.3
43,0.0,0.0,0.0,0.1276,0.0067,0.4031,17.7
44,0.0,0.006,0.0,0.1276,0.0069,0.4031,18.1
45,0.05,0.088,0.0,0.1276,0.007,0.4031,18.5
46,0.63,0.162,0.2,0.1276,0.0072,0.4031,18.9
47,1.21,0.16,0.5,0.0824,0.0073,0.2605,19.2
48,1.79,0.11,1.0,0.0846,0.0074,0.2673,19.5
49,2.0,0.03,1.6,0.0807,0.0075,0.2549,19.7
50,2.0,0.0,2.1,0.0786,0.0076,0.2484,20.0
51,2.0,0.015,2.7,0.0796,0.0077,0.2516,20.2
52,2.11,0.095,3.3,0.0858,0.0078,0.2712,20.5
53,2.68,0.196,4.0,0.0989,0.0079,0.3125,20.8
54,3.52,0.276,5.0,0.1171,0.008,0.37,21.2
55,4.67,0.149,6.3,0.1118,0.0082,0.3531,21.5
56,4.59,-0.09,7.6,0.0737,0.0083,0.2328,21.8
57,4.02,-0.156,8.7,0.0716,0.0083,0.2262,22.0
58,3.47,-0.155,9.6,0.0716,0.0084,0.2262,22.2
59,2.91,-0.159,10.5,0.0716,0.0085,0.2262,22.4
60,2.32,-0.163,11.1,0.0716,0.0086,0.2262,22.7
61,1.74,-0.162,11.6,0.0716,0.0087,0.2262,22.9
62,1.15,-0.046,11.9,0.0738,0.0088,0.2333,23.1
63,1.41,0.112,12.3,0.0819,0.0089,0.2589,23.4
64,1.96,0.082,12.8,0.0839,0.009,0.2653,23.7
65,2.0,0.02,13.4,0.08,0.0091,0.2527,23.9
66,2.1,0.094,14.0,0.0857,0.0092,0.2708,24.2
67,2.68,0.09,14.7,0.0892,0.0093,0.2819,24.5
68,2.75,-0.067,15.5,0.075,0.0094,0.2369,24.7
69,2.2,-0.105,16.1,0.0716,0.0094,0.2262,24.9
70,2.0,-0.027,16.7,0.0768,0.0095,0.2426,25.2
71,2.0,-0.072,17.2,0.0737,0.0096,0.2329,25.4
72,1.48,-0.151,17.6,0.0716,0.0097,0.2262,25.6
73,0.91,-0.16,17.9,0.1276,0.0099,0.4031,26.0
74,0.33,0.105,18.0,0.1276,0.01,0.4031,26.4
75,1.67,0.721,18.4,0.1185,0.0102,0.3745,26.8
76,5.52,0.648,20.0,0.2269,0.0104,0.717,27.5
77,6.33,-0.038,21.7,0.0996,0.0106,0.3148,27.8
78,5.25,-0.496,23.2,0.0855,0.0107,0.2701,28.1
79,2.76,-0.717,23.9,0.0716,0.0107,0.2262,28.3
80,0.08,-0.137,24.0,0.1276,0.0109,0.4031,28.7
81,1.77,0.427,24.5,0.1036,0.011,0.3273,29.1
82,3.15,0.271,25.3,0.1118,0.0111,0.3532,29.4
83,3.72,-0.047,26.4,0.0787,0.0112,0.2487,29.7
84,2.81,-0.449,27.2,0.0716,0.0113,0.2262,29.9
85,0.49,-0.15,27.3,0.1276,0.0115,0.4031,30.3
86,1.73,0.476,27.8,0.1057,0.0116,0.3341,30.6
87,3.92,0.629,28.9,0.1694,0.0118,0.5354,31.2
88,6.26,0.628,30.6,0.2416,0.0121,0.7635,31.9
89,8.44,0.534,32.9,0.2691,0.0124,0.8505,32.8
90,10.11,0.469,35.7,0.3013,0.0128,0.9522,33.7
91,11.81,0.479,39.0,0.3389,0.0132,1.071,34.8
92,13.56,0.362,42.8,0.3201,0.0136,1.0117,35.8
93,14.42,0.198,46.8,0.2535,0.0139,0.8011,36.6
94,14.98,0.157,51.0,0.2386,0.0142,0.7539,37.4
95,15.55,0.125,55.3,0.2608,0.0145,0.8242,38.2
96,15.88,-0.032,59.7,0.1786,0.0147,0.5643,38.8
97,15.32,-0.155,64.0,0.1374,0.0149,0.4342,39.2
98,14.76,-0.158,68.1,0.1035,0.015,0.327,39.5
99,14.18,-0.157,72.0,0.1035,0.0151,0.327,39.8
100,13.63,-0.152,75.8,0.1035,0.0152,0.327,40.2
101,13.09,-0.152,79.4,0.1035,0.0153,0.327,40.5
102,12.54,-0.151,82.9,0.1035,0.0155,0.327,40.8
103,12.0,-0.074,86.2,0.1165,0.0156,0.3681,41.2
104,12.0,0.08,89.6,0.1795,0.0158,0.5672,41.8
105,12.58,0.407,93.1,0.3236,0.0162,1.0225,42.8
106,14.93,0.52,97.2,0.4229,0.0167,1.3363,44.1
107,16.32,0.275,101.7,0.3507,0.0171,1.1082,45.2
108,16.91,0.161,106.4,0.2929,0.0175,0.9256,46.2
109,17.48,0.14,111.3,0.2859,0.0178,0.9034,47.1
110,17.92,-0.09,116.3,0.1493,0.018,0.4718,47.5
111,16.83,-0.304,120.9,0.0206,0.018,0.0651,47.6
112,15.72,-0.313,125.3,0.0206,0.0181,0.0651,47.7
113,14.58,-0.32,129.4,0.1035,0.0182,0.327,48.0
114,13.42,-0.322,133.1,0.1035,0.0183,0.327,48.3
115,12.26,-0.262,136.5,0.1035,0.0184,0.327,48.6
116,11.54,-0.174,139.7,0.1035,0.0186,0.327,49.0
117,11.0,-0.074,142.7,0.1152,0.0187,0.3641,49.3
118,11.0,0.0,145.8,0.143,0.0189,0.4518,49.8
119,11.0,0.0,148.9,0.143,0.019,0.4518,50.2
120,11.0,0.129,151.9,0.1914,0.0193,0.6047,50.8
121,11.93,0.353,155.2,0.2901,0.0196,0.9167,51.8
122,13.54,0.451,159.0,0.3609,0.02,1.1405,52.9
123,15.17,0.455,163.2,0.4284,0.0206,1.3537,54.3
124,16.81,0.185,167.9,0.3057,0.0209,0.9661,55.2
125,16.51,-0.142,172.5,0.1374,0.0211,0.4342,55.7
126,15.79,-0.421,176.8,0.0206,0.0211,0.0651,55.7
127,13.47,-0.527,180.6,0.1035,0.0212,0.327,56.0
128,12.0,-0.205,183.9,0.1035,0.0214,0.327,56.4
129,12.0,0.18,187.3,0.2204,0.0216,0.6965,57.1
130,13.3,0.433,191.0,0.3481,0.022,1.1001,58.2
131,15.12,0.554,195.2,0.4784,0.0226,1.5119,59.7
132,17.28,0.622,200.0,0.5681,0.0233,1.7952,61.5
133,19.6,0.726,205.4,0.6966,0.0241,2.2013,63.7
134,22.51,0.538,211.6,0.6769,0.0249,2.1389,65.8
135,23.47,-0.017,218.2,0.2548,0.0252,0.8052,66.6
136,22.39,-0.358,224.4,0.0265,0.0253,0.0839,66.7
137,20.89,-0.448,230.2,0.0265,0.0253,0.0839,66.8
138,19.16,-0.407,235.5,0.0206,0.0253,0.0651,66.9
139,17.96,-0.328,240.5,0.0206,0.0254,0.0651,66.9
140,16.8,-0.324,245.2,0.0206,0.0254,0.0651,67.0
141,15.62,-0.133,249.5,0.1374,0.0256,0.4342,67.4
142,15.84,0.279,253.9,0.3464,0.026,1.0947,68.5
143,17.63,0.165,258.8,0.3023,0.0263,0.9551,69.5
144,17.03,-0.325,263.5,0.0206,0.0264,0.0651,69.5
145,15.29,-0.879,267.8,0.0206,0.0264,0.0651,69.6
146,10.7,-1.076,270.8,0.1035,0.0265,0.327,69.9
147,7.54,-0.594,272.9,0.0855,0.0266,0.2701,70.2
148,6.43,-0.262,274.6,0.0855,0.0267,0.2701,70.5
149,5.65,-0.186,276.2,0.0855,0.0268,0.2701,70.7
150,5.09,-0.231,277.6,0.0855,0.0269,0.2701,71.0
151,3.99,-0.334,278.7,0.0716,0.027,0.2262,71.2
152,2.69,-0.421,279.5,0.0716,0.0271,0.2262,71.5
153,0.96,-0.373,279.7,0.1276,0.0272,0.4031,71.9
154,0.0,-0.133,279.7,0.1276,0.0274,0.4031,72.3
155,0.0,0.0,279.7,0.1276,0.0275,0.4031,72.7
156,0.0,0.0,279.7,0.1276,0.0277,0.4031,73.1
157,0.0,0.0,279.7,0.1276,0.0278,0.4031,73.5
158,0.0,0.0,279.7,0.1276,0.028,0.4031,73.9
159,0.0,0.0,279.7,0.1276,0.0282,0.4031,74.3
160,0.0,0.0,279.7,0.1276,0.0283,0.4031,74.7
161,0.0,0.0,279.7,0.1276,0.0285,0.4031,75.1
162,0.0,0.0,279.7,0.1276,0.0286,0.4031,75.5
163,0.0,0.0,279.7,0.1276,0.0288,0.4031,75.9
164,0.0,0.0,279.7,0.1276,0.0289,0.4031,76.3
165,0.0,0.0,279.7,0.1276,0.0291,0.4031,76.7
166,0.0,0.0,279.7,0.1276,0.0292,0.4031,77.1
167,0.0,0.0,279.7,0.1276,0.0294,0.4031,77.5
168,0.0,0.0,279.7,0.1276,0.0295,0.4031,77.9
169,0.0,0.0,279.7,0.1276,0.0297,0.4031,78.3
170,0.0,0.0,279.7,0.1276,0.0298,0.4031,78.7
171,0.0,0.0,279.7,0.1276,0.03,0.4031,79.1
172,0.0,0.0,279.7,0.1276,0.0301,0.4031,79.5
173,0.0,0.0,279.7,0.1276,0.0303,0.4031,79.9
174,0.0,0.0,279.7,0.1276,0.0304,0.4031,80.3
175,0.0,0.0,279.7,0.1276,0.0306,0.4031,80.7
176,0.0,0.0,279.7,0.1276,0.0307,0.4031,81.1
177,0.0,0.0,279.7,0.1276,0.0309,0.4031,81.5
178,0.0,0.649,279.7,0.1276,0.0311,0.4031,81.9
179,4.67,1.307,281.0,0.2961,0.0314,0.9358,82.9
180,9.41,1.306,283.7,0.5381,0.0321,1.7003,84.6
181,14.08,1.094,287.6,0.68,0.0329,2.1488,86.7
182,17.29,0.751,292.4,0.6444,0.0336,2.0363,88.8
183,19.48,1.021,297.8,0.889,0.0347,2.8094,91.6
184,24.64,1.559,304.6,1.491,0.0365,4.7115,96.3
185,30.71,1.17,313.2,1.4389,0.0382,4.5469,100.8
186,33.07,0.658,322.3,1.046,0.0395,3.3054,104.1
187,35.45,0.904,332.2,1.3794,0.0411,4.3589,108.5
188,39.57,1.015,343.2,1.6333,0.0431,5.1612,113.7
189,42.76,0.698,355.1,1.3554,0.0447,4.2831,117.9
190,44.6,0.557,367.4,1.2244,0.0462,3.869,121.8
191,46.77,0.613,380.4,1.2718,0.0477,4.0188,125.8
192,49.01,0.552,394.1,1.2414,0.0492,3.9229,129.7
193,50.74,0.435,408.1,1.1168,0.0505,3.529,133.3
194,52.15,0.272,422.6,0.8907,0.0516,2.8147,136.1
195,52.7,0.083,437.3,0.5614,0.0523,1.774,137.9
196,52.75,-0.07,451.9,0.2868,0.0526,0.9063,138.8
197,52.2,-0.511,466.4,0.0185,0.0526,0.0585,138.8
198,49.07,-1.065,480.1,0.0178,0.0526,0.0563,138.9
199,44.53,-1.266,492.4,0.0293,0.0527,0.0924,139.0
200,39.95,-1.228,503.5,0.0297,0.0527,0.0937,139.1
201,35.68,-0.914,513.4,0.0297,0.0527,0.0937,139.2
202,33.37,-0.71,522.7,0.0254,0.0528,0.0804,139.2
203,30.57,-0.876,531.2,0.0254,0.0528,0.0804,139.3
204,27.06,-1.056,538.7,0.0225,0.0528,0.0712,139.4
205,22.97,-1.172,545.1,0.0265,0.0529,0.0839,139.5
206,18.62,-1.252,550.3,0.0206,0.0529,0.0651,139.5
207,13.96,-1.238,554.1,0.1035,0.053,0.327,139.9
208,9.71,-0.839,556.8,0.0855,0.0531,0.2701,140.1
209,7.91,-0.564,559.0,0.0855,0.0532,0.2701,140.4
210,5.65,-0.697,560.6,0.0855,0.0533,0.2701,140.7
211,2.9,-0.614,561.4,0.0716,0.0534,0.2262,140.9
212,1.22,-0.392,561.7,0.0716,0.0535,0.2262,141.1
213,0.07,-0.17,561.8,0.1276,0.0536,0.4031,141.5
214,0.0,-0.01,561.8,0.1276,0.0538,0.4031,141.9
215,0.0,0.0,561.8,0.1276,0.0539,0.4031,142.3
216,0.0,0.0,561.8,0.1276,0.0541,0.4031,142.8
217,0.0,0.0,561.8,0.1276,0.0543,0.4031,143.2
218,0.0,0.0,561.8,0.1276,0.0544,0.4031,143.6
219,0.0,0.0,561.8,0.1276,0.0546,0.4031,144.0
220,0.0,0.141,561.8,0.1276,0.0547,0.4031,144.4
221,1.01,0.259,562.1,0.0841,0.0548,0.2656,144.6
222,1.87,-0.047,562.6,0.0752,0.0549,0.2375,144.9
223,0.68,-0.259,562.8,0.1276,0.0551,0.4031,145.3
224,0.0,-0.094,562.8,0.1276,0.0552,0.4031,145.7
225,0.0,0.0,562.8,0.1276,0.0554,0.4031,146.1
226,0.0,0.0,562.8,0.1276,0.0555,0.4031,146.5
227,0.0,0.0,562.8,0.1276,0.0557,0.4031,146.9
228,0.0,0.041,562.8,0.1276,0.0558,0.4031,147.3
229,0.3,0.205,562.8,0.1276,0.056,0.4031,147.7
230,1.48,0.584,563.2,0.1062,0.0561,0.3357,148.0
231,4.5,1.042,564.5,0.2473,0.0564,0.7815,148.8
232,8.98,1.064,567.0,0.4432,0.0569,1.4006,150.2
233,12.16,0.831,570.4,0.4919,0.0575,1.5545,151.8
234,14.96,0.801,574.5,0.5669,0.0582,1.7913,153.6
235,17.93,0.8,579.5,0.6934,0.059,2.1911,155.7
236,20.72,0.719,585.3,0.7639,0.0599,2.4138,158.2
237,23.11,0.755,591.7,0.8616,0.061,2.7228,160.9
238,26.16,0.902,598.9,1.0479,0.0622,3.3115,164.2
239,29.6,0.757,607.2,1.0289,0.0635,3.2513,167.4
240,31.61,0.489,616.0,0.8298,0.0645,2.6223,170.1
241,33.12,0.285,625.2,0.6333,0.0652,2.0013,172.1
242,33.66,0.287,634.5,0.644,0.066,2.0352,174.1
243,35.19,0.673,644.3,1.1396,0.0673,3.601,177.7
244,38.5,0.936,655.0,1.5095,0.0692,4.7702,182.5
245,41.93,0.965,666.6,1.6531,0.0711,5.2237,187.7
246,45.45,0.826,679.2,1.5159,0.073,4.7902,192.5
247,47.88,0.652,692.5,1.3521,0.0746,4.2727,196.8
248,50.14,0.742,706.5,1.5438,0.0764,4.8784,201.6
249,53.22,0.608,721.3,1.4293,0.0781,4.5166,206.2
250,54.52,0.021,736.4,0.4688,0.0787,1.4815,207.6
251,53.38,-0.316,751.2,0.0185,0.0787,0.0585,207.7
252,52.24,-0.316,765.7,0.0185,0.0787,0.0585,207.8
253,51.1,-0.245,779.9,0.0185,0.0788,0.0585,207.8
254,50.48,-0.139,794.0,0.1526,0.0789,0.4823,208.3
255,50.1,0.029,807.9,0.438,0.0795,1.3841,209.7
256,50.68,0.125,821.9,0.6096,0.0802,1.9265,211.6
257,51.0,0.044,836.1,0.473,0.0808,1.4948,213.1
258,51.0,-0.102,850.3,0.2192,0.081,0.6926,213.8
259,50.26,-0.262,864.2,0.0185,0.081,0.0585,213.9
260,49.11,-0.175,877.9,0.1188,0.0812,0.3755,214.2
261,49.0,-0.042,891.5,0.304,0.0816,0.9607,215.2
262,48.81,-0.185,905.1,0.1188,0.0817,0.3755,215.6
263,47.67,-0.314,918.3,0.0178,0.0817,0.0563,215.6
264,46.55,-0.309,931.2,0.0178,0.0817,0.0563,215.7
265,45.45,-0.442,943.8,0.0178,0.0818,0.0563,215.7
266,43.36,-0.671,955.9,0.0293,0.0818,0.0924,215.8
267,40.61,-1.735,967.2,0.0293,0.0818,0.0924,215.9
268,30.87,-2.931,975.8,0.0254,0.0819,0.0804,216.0
269,19.51,-2.491,981.2,0.0206,0.0819,0.0651,216.1
270,12.94,-1.755,984.8,0.1035,0.082,0.327,216.4
271,6.88,-1.472,986.7,0.0855,0.0821,0.2701,216.7
272,2.34,-0.955,987.3,0.0716,0.0822,0.2262,216.9
273,0.0,-0.325,987.3,0.1276,0.0823,0.4031,217.3
274,0.0,0.409,987.3,0.1276,0.0825,0.4031,217.7
275,2.94,0.952,988.1,0.1773,0.0827,0.5604,218.3
276,6.86,1.105,990.1,0.3682,0.0832,1.1635,219.4
277,10.9,1.047,993.1,0.5317,0.0838,1.6802,221.1
278,14.39,0.718,997.1,0.5083,0.0844,1.6063,222.7
279,16.07,0.647,1001.5,0.5512,0.0851,1.7417,224.4
280,19.05,1.054,1006.8,0.8937,0.0861,2.824,227.3
281,23.66,0.938,1013.4,1.0245,0.0874,3.2375,230.5
282,25.81,0.457,1020.6,0.6551,0.0881,2.0702,232.6
283,26.95,0.777,1028.1,0.9726,0.0893,3.0735,235.6
284,31.4,1.19,1036.8,1.483,0.0911,4.6864,240.3
285,35.51,0.897,1046.6,1.3742,0.0927,4.3424,244.7
286,37.86,0.614,1057.2,1.1413,0.0941,3.6064,248.3
287,39.93,0.541,1068.3,1.1061,0.0954,3.4951,251.8
288,41.75,0.287,1079.9,0.8016,0.0964,2.5331,254.3
289,42.0,0.035,1091.5,0.445,0.0969,1.4062,255.7
290,42.0,0.0,1103.2,0.3949,0.0974,1.2478,257.0
291,42.0,-0.111,1114.9,0.2359,0.0977,0.7455,257.7
292,41.2,-0.562,1126.3,0.0293,0.0977,0.0924,257.8
293,37.95,-0.856,1136.8,0.0297,0.0977,0.0937,257.9
294,35.03,-0.354,1146.6,0.0297,0.0978,0.0937,258.0
295,35.4,0.102,1156.4,0.4764,0.0983,1.5054,259.5
296,35.77,0.217,1166.3,0.6202,0.0991,1.96,261.5
297,36.96,0.533,1176.6,1.0348,0.1003,3.2699,264.7
298,39.6,0.733,1187.6,1.3159,0.1019,4.1582,268.9
299,42.24,0.649,1199.3,1.2828,0.1034,4.0538,272.9
300,44.27,0.53,1211.6,1.1829,0.1049,3.738,276.7
301,46.06,0.496,1224.4,1.1009,0.1062,3.4788,280.2
302,47.85,0.269,1237.7,0.8033,0.1071,2.5384,282.7
303,48.0,0.021,1251.1,0.4,0.1076,1.2641,284.0
304,48.0,-0.029,1264.4,0.3182,0.108,1.0056,285.0
305,47.79,-0.167,1277.7,0.1188,0.1081,0.3755,285.3
306,46.8,-0.217,1290.7,0.0178,0.1082,0.0563,285.4
307,46.23,0.083,1303.5,0.4819,0.1087,1.5229,286.9
308,47.4,0.356,1316.7,0.936,0.1099,2.9578,289.9
309,48.79,0.419,1330.2,1.0513,0.1111,3.3222,293.2
310,50.41,0.211,1344.2,0.7539,0.112,2.3823,295.6
311,50.31,-0.165,1358.2,0.1235,0.1122,0.3902,296.0
312,49.23,-0.245,1371.9,0.0178,0.1122,0.0563,296.0
313,48.55,-0.179,1385.4,0.1188,0.1123,0.3755,296.4
314,47.94,-0.24,1398.7,0.0178,0.1124,0.0563,296.5
315,46.82,-0.331,1411.7,0.0178,0.1124,0.0563,296.5
316,45.56,-0.406,1424.3,0.0178,0.1124,0.0563,296.6
317,43.89,-0.462,1436.5,0.0293,0.1124,0.0924,296.7
318,42.23,-0.462,1448.3,0.0293,0.1125,0.0924,296.8
319,40.57,-0.527,1459.5,0.0293,0.1125,0.0924,296.8
320,38.43,-0.626,1470.2,0.0297,0.1125,0.0937,296.9
321,36.06,-0.413,1480.2,0.0297,0.1126,0.0937,297.0
322,35.46,-0.189,1490.1,0.0297,0.1126,0.0937,297.1
323,34.7,-0.336,1499.7,0.0254,0.1126,0.0804,297.2
324,33.04,-0.526,1508.9,0.0254,0.1127,0.0804,297.3
325,30.91,-0.693,1517.5,0.0254,0.1127,0.0804,297.4
326,28.05,-0.798,1525.3,0.0225,0.1127,0.0712,297.4
327,25.17,-0.801,1532.3,0.0225,0.1128,0.0712,297.5
328,22.28,-0.573,1538.5,0.0265,0.1128,0.0839,297.6
329,21.04,-0.326,1544.3,0.0265,0.1128,0.0839,297.7
330,19.94,-0.773,1549.8,0.0206,0.1128,0.0651,297.7
331,15.48,-1.173,1554.1,0.0206,0.1129,0.0651,297.8
332,11.5,-0.872,1557.3,0.1035,0.113,0.327,298.1
333,9.2,-0.601,1559.9,0.0855,0.1131,0.2701,298.4
334,7.17,-0.525,1561.9,0.0855,0.1132,0.2701,298.7
335,5.42,-0.545,1563.4,0.0855,0.1133,0.2701,298.9
336,3.24,-0.616,1564.3,0.0716,0.1134,0.2262,299.2
337,0.98,-0.393,1564.6,0.1276,0.1135,0.4031,299.6
338,0.41,-0.136,1564.7,0.1276,0.1137,0.4031,300.0
339,0.0,-0.058,1564.7,0.1276,0.1138,0.4031,300.4
340,0.0,0.0,1564.7,0.1276,0.114,0.4031,300.8
341,0.0,0.0,1564.7,0.1276,0.1141,0.4031,301.2
342,0.0,0.0,1564.7,0.1276,0.1143,0.4031,301.6
343,0.0,0.0,1564.7,0.1276,0.1145,0.4031,302.0
344,0.0,0.0,1564.7,0.1276,0.1146,0.4031,302.4
345,0.0,0.0,1564.7,0.1276,0.1148,0.4031,302.8
346,0.0,0.0,1564.7,0.1276,0.1149,0.4031,303.2
347,0.0,0.0,1564.7,0.1276,0.1151,0.4031,303.6
348,0.0,0.0,1564.7,0.1276,0.1152,0.4031,304.0
349,0.0,0.0,1564.7,0.1276,0.1154,0.4031,304.4
350,0.0,0.0,1564.7,0.1276,0.1155,0.4031,304.8
351,0.0,0.0,1564.7,0.1276,0.1157,0.4031,305.2
352,0.0,0.0,1564.7,0.1276,0.1158,0.4031,305.6
353,0.0,0.0,1564.7,0.1276,0.116,0.4031,306.0
354,0.0,0.0,1564.7,0.1276,0.1161,0.4031,306.4
355,0.0,0.0,1564.7,0.1276,0.1163,0.4031,306.8
356,0.0,0.0,1564.7,0.1276,0.1164,0.4031,307.2
357,0.0,0.0,1564.7,0.1276,0.1166,0.4031,307.6
358,0.0,0.0,1564.7,0.1276,0.1167,0.4031,308.0
359,0.0,0.0,1564.7,0.1276,0.1169,0.4031,308.4
360,0.0,0.0,1564.7,0.1276,0.1171,0.4031,308.8
361,0.0,0.0,1564.7,0.1276,0.1172,0.4031,309.3
362,0.0,0.0,1564.7,0.1276,0.1174,0.4031,309.7
363,0.0,0.0,1564.7,0.1276,0.1175,0.4031,310.1
364,0.0,0.0,1564.7,0.1276,0.1177,0.4031,310.5
365,0.0,0.0,1564.7,0.1276,0.1178,0.4031,310.9
366,0.0,0.0,1564.7,0.1276,0.118,0.4031,311.3
367,0.0,0.0,1564.7,0.1276,0.1181,0.4031,311.7
368,0.0,0.0,1564.7,0.1276,0.1183,0.4031,312.1
369,0.0,0.0,1564.7,0.1276,0.1184,0.4031,312.5
370,0.0,0.0,1564.7,0.1276,0.1186,0.4031,312.9
371,0.0,0.0,1564.7,0.1276,0.1187,0.4031,313.3
372,0.0,0.0,1564.7,0.1276,0.1189,0.4031,313.7
373,0.0,0.0,1564.7,0.1276,0.119,0.4031,314.1
374,0.0,0.0,1564.7,0.1276,0.1192,0.4031,314.5
375,0.0,0.0,1564.7,0.1276,0.1193,0.4031,314.9
376,0.0,0.0,1564.7,0.1276,0.1195,0.4031,315.3
377,0.0,0.0,1564.7,0.1276,0.1196,0.4031,315.7
378,0.0,0.0,1564.7,0.1276,0.1198,0.4031,316.1
379,0.0,0.0,1564.7,0.1276,0.12,0.4031,316.5
380,0.0,0.0,1564.7,0.1276,0.1201,0.4031,316.9
381,0.0,0.0,1564.7,0.1276,0.1203,0.4031,317.3
382,0.0,0.0,1564.7,0.1276,0.1204,0.4031,317.7
383,0.0,0.0,1564.7,0.1276,0.1206,0.4031,318.1
384,0.0,0.0,1564.7,0.1276,0.1207,0.4031,318.5
385,0.0,0.0,1564.7,0.1276,0.1209,0.4031,318.9
386,0.0,0.0,1564.7,0.1276,0.121,0.4031,319.3
387,0.0,0.0,1564.7,0.1276,0.1212,0.4031,319.7
388,0.0,0.0,1564.7,0.1276,0.1213,0.4031,320.1
389,0.0,0.0,1564.7,0.1276,0.1215,0.4031,320.5
390,0.0,0.0,1564.7,0.1276,0.1216,0.4031,320.9
391,0.0,0.0,1564.7,0.1276,0.1218,0.4031,321.3
392,0.0,0.0,1564.7,0.1276,0.1219,0.4031,321.7
393,0.0,0.0,1564.7,0.1276,0.1221,0.4031,322.2
394,0.0,0.0,1564.7,0.1276,0.1222,0.4031,322.6
395,0.0,0.0,1564.7,0.1276,0.1224,0.4031,323.0
396,0.0,0.0,1564.7,0.1276,0.1226,0.4031,323.4
397,0.0,0.0,1564.7,0.1276,0.1227,0.4031,323.8
398,0.0,0.096,1564.7,0.1276,0.1229,0.4031,324.2
399,0.69,0.259,1564.9,0.1276,0.123,0.4031,324.6
400,1.87,1.155,1565.4,0.1518,0.1232,0.4797,325.1
401,9.01,2.09,1567.9,0.7596,0.1241,2.4004,327.5
402,16.91,1.757,1572.6,1.1745,0.1255,3.7115,331.2
403,21.66,1.371,1578.6,1.2308,0.127,3.8892,335.1
404,26.78,1.565,1586.0,1.5728,0.1289,4.9701,340.0
405,32.93,1.368,1595.2,1.7094,0.1309,5.4018,345.4
406,36.63,0.689,1605.4,1.1914,0.1323,3.7649,349.2
407,37.89,0.677,1615.9,1.21,0.1338,3.8237,353.0
408,41.5,1.03,1627.4,1.7156,0.1358,5.4211,358.4
409,45.3,0.986,1640.0,1.7181,0.1379,5.4291,363.9
410,48.6,0.859,1653.5,1.6575,0.1399,5.2377,369.1
411,51.49,0.647,1667.8,1.443,0.1416,4.56,373.7
412,53.26,0.349,1682.6,1.0369,0.1429,3.2768,376.9
413,54.0,0.102,1697.6,0.6125,0.1436,1.9355,378.9
414,54.0,0.051,1712.6,0.5186,0.1442,1.6387,380.5
415,54.37,0.125,1727.7,0.66,0.145,2.0857,382.6
416,54.9,-0.045,1742.9,0.3493,0.1454,1.1038,383.7
417,54.04,-0.245,1758.0,0.0185,0.1454,0.0585,383.8
418,53.14,0.035,1772.7,0.4798,0.146,1.5163,385.3
419,54.29,0.321,1787.8,1.0122,0.1472,3.1985,388.5
420,55.45,0.325,1803.2,1.0485,0.1485,3.3133,391.8
421,56.63,0.215,1818.9,0.876,0.1495,2.768,394.6
422,57.0,0.052,1834.8,0.5657,0.1502,1.7877,396.3
423,57.0,0.0,1850.6,0.4647,0.1508,1.4684,397.8
424,57.0,0.0,1866.4,0.4647,0.1513,1.4684,399.3
425,57.0,0.0,1882.3,0.4647,0.1519,1.4684,400.7
426,57.0,0.044,1898.1,0.5502,0.1525,1.7386,402.5
427,57.32,0.269,1914.0,0.9904,0.1537,3.1296,405.6
428,58.94,0.428,1930.4,1.2846,0.1553,4.0593,409.7
429,60.4,0.361,1947.2,1.184,0.1567,3.7413,413.4
430,61.54,0.174,1964.3,0.8631,0.1577,2.7275,416.1
431,61.65,-0.067,1981.4,0.3585,0.1581,1.1328,417.3
432,61.06,-0.299,1998.3,0.0175,0.1582,0.0553,417.3
433,59.5,-0.455,2014.9,0.02,0.1582,0.0632,417.4
434,57.78,-0.544,2030.9,0.02,0.1582,0.0632,417.5
435,55.58,-0.503,2046.4,0.02,0.1582,0.0632,417.5
436,54.15,-0.122,2061.4,0.2009,0.1585,0.6349,418.2
437,54.71,0.156,2076.6,0.7227,0.1593,2.2836,420.4
438,55.28,0.161,2092.0,0.7505,0.1602,2.3717,422.8
439,55.87,-0.254,2107.5,0.02,0.1603,0.0632,422.9
440,53.44,-0.793,2122.3,0.0185,0.1603,0.0585,422.9
441,50.16,-1.166,2136.3,0.0185,0.1603,0.0585,423.0
442,45.05,-1.4,2148.8,0.0178,0.1603,0.0563,423.0
443,40.08,-1.261,2159.9,0.0293,0.1604,0.0924,423.1
444,35.96,-1.632,2169.9,0.0297,0.1604,0.0937,423.2
445,28.33,-2.567,2177.8,0.0225,0.1604,0.0712,423.3
446,17.48,-2.406,2182.6,0.0206,0.1605,0.0651,423.4
447,11.01,-1.6,2185.7,0.1035,0.1606,0.327,423.7
448,5.96,-0.861,2187.3,0.0855,0.1607,0.2701,424.0
449,4.81,-0.129,2188.7,0.0716,0.1608,0.2262,424.2
450,5.03,0.504,2190.1,0.1896,0.161,0.5992,424.8
451,8.44,1.235,2192.4,0.4709,0.1616,1.4879,426.3
452,13.92,1.768,2196.3,0.9852,0.1627,3.1131,429.4
453,21.17,1.556,2202.1,1.3215,0.1643,4.1758,433.6
454,25.13,1.074,2209.1,1.1405,0.1657,3.6039,437.2
455,28.9,1.197,2217.2,1.3733,0.1673,4.3396,441.5
456,33.74,1.226,2226.5,1.6084,0.1693,5.0825,446.6
457,37.72,0.861,2237.0,1.4037,0.1709,4.4358,451.0
458,39.94,0.539,2248.1,1.104,0.1723,3.4886,454.5
459,41.61,0.393,2259.7,0.9496,0.1734,3.0008,457.5
460,42.77,0.319,2271.5,0.8657,0.1744,2.7357,460.3
461,43.9,0.308,2283.7,0.87,0.1755,2.7493,463.0
462,44.99,0.075,2296.2,0.5325,0.1761,1.6826,464.7
463,44.44,-0.188,2308.6,0.195,0.1763,0.6163,465.3
464,43.64,-0.361,2320.7,0.0293,0.1764,0.0924,465.4
465,41.84,-0.499,2332.3,0.0293,0.1764,0.0924,465.5
466,40.05,-0.499,2343.4,0.0293,0.1765,0.0924,465.6
467,38.25,-0.284,2354.1,0.0297,0.1765,0.0937,465.7
468,38.0,-0.02,2364.6,0.344,0.1769,1.0869,466.8
469,38.11,0.095,2375.2,0.494,0.1775,1.5612,468.3
470,38.68,0.087,2386.0,0.4891,0.1781,1.5456,469.9
471,38.73,-0.076,2396.7,0.2744,0.1784,0.867,470.7
472,38.14,-0.102,2407.3,0.2382,0.1787,0.7526,471.5
473,38.0,-0.019,2417.9,0.3453,0.1791,1.091,472.6
474,38.0,0.377,2428.4,0.8583,0.1801,2.7123,475.3
475,40.71,0.806,2439.7,1.4276,0.1818,4.5112,479.8
476,43.81,0.984,2451.9,1.7402,0.1839,5.4991,485.3
477,47.79,0.937,2465.2,1.7382,0.186,5.4928,490.8
478,50.55,0.554,2479.2,1.2845,0.1875,4.0591,494.9
479,51.78,0.068,2493.6,0.5237,0.1882,1.6549,496.5
480,51.04,-0.225,2507.8,0.0185,0.1882,0.0585,496.6
481,50.16,0.086,2521.7,0.5361,0.1888,1.694,498.3
482,51.66,0.435,2536.1,1.1352,0.1902,3.5871,501.9
483,53.29,0.607,2550.9,1.4296,0.1919,4.5174,506.4
484,56.03,0.61,2566.4,1.5142,0.1937,4.7848,511.2
485,57.68,0.073,2582.5,0.6154,0.1945,1.9446,513.1
486,56.55,-0.399,2598.2,0.02,0.1945,0.0632,513.2
487,54.81,-0.565,2613.4,0.0185,0.1945,0.0585,513.2
488,52.48,-0.711,2628.0,0.0185,0.1945,0.0585,513.3
489,49.69,-0.768,2641.8,0.0178,0.1945,0.0563,513.3
490,46.95,-0.464,2654.8,0.0178,0.1946,0.0563,513.4
491,46.35,-0.237,2667.7,0.0178,0.1946,0.0563,513.4
492,45.25,-0.399,2680.3,0.0178,0.1946,0.0563,513.5
493,43.47,-0.492,2692.3,0.0293,0.1946,0.0924,513.6
494,41.7,-0.49,2703.9,0.0293,0.1947,0.0924,513.7
495,39.95,-0.405,2715.0,0.0297,0.1947,0.0937,513.8
496,38.79,-0.297,2725.8,0.0297,0.1948,0.0937,513.9
497,37.81,-0.215,2736.3,0.0297,0.1948,0.0937,514.0
498,37.24,-0.248,2746.6,0.0297,0.1948,0.0937,514.1
499,36.03,-0.401,2756.6,0.0297,0.1949,0.0937,514.2
500,34.35,-0.218,2766.2,0.0254,0.1949,0.0804,514.2
501,34.46,0.08,2775.8,0.4134,0.1954,1.3065,515.5
502,34.93,-0.093,2785.5,0.2115,0.1956,0.6685,516.2
503,33.79,-0.368,2794.8,0.0254,0.1957,0.0804,516.3
504,32.28,-0.539,2803.8,0.0254,0.1957,0.0804,516.4
505,29.91,-0.408,2812.1,0.0225,0.1957,0.0712,516.4
506,29.35,-0.0,2820.3,0.2711,0.1961,0.8567,517.3
507,29.91,0.277,2828.6,0.5566,0.1967,1.7589,519.1
508,31.34,0.421,2837.3,0.7512,0.1976,2.3737,521.4
509,32.94,0.598,2846.4,0.9821,0.1988,3.1033,524.5
510,35.64,0.792,2856.3,1.2715,0.2003,4.0178,528.6
511,38.64,1.043,2867.1,1.632,0.2023,5.157,533.7
512,43.15,1.141,2879.0,1.9107,0.2046,6.0379,539.7
513,46.85,0.836,2892.1,1.5717,0.2064,4.9664,544.7
514,49.17,0.535,2905.7,1.2213,0.2079,3.8592,548.6
515,50.7,0.364,2919.8,1.0133,0.2091,3.2021,551.8
516,51.8,0.18,2934.2,0.7218,0.21,2.2807,554.1
517,52.0,0.011,2948.6,0.4252,0.2105,1.3436,555.4
518,51.88,-0.176,2963.0,0.1235,0.2106,0.3902,555.8
519,50.73,-0.429,2977.1,0.0185,0.2107,0.0585,555.8
520,48.79,-0.731,2990.7,0.0178,0.2107,0.0563,555.9
521,45.47,-0.971,3003.3,0.0178,0.2107,0.0563,556.0
522,41.8,-1.057,3014.9,0.0293,0.2107,0.0924,556.1
523,37.86,-0.727,3025.4,0.0297,0.2108,0.0937,556.1
524,36.56,-0.257,3035.6,0.0297,0.2108,0.0937,556.2
525,36.0,-0.335,3045.6,0.0297,0.2108,0.0937,556.3
526,34.15,-0.448,3055.1,0.0254,0.2109,0.0804,556.4
527,32.78,-0.271,3064.2,0.0254,0.2109,0.0804,556.5
528,32.2,-0.161,3073.1,0.1696,0.2111,0.5359,557.0
529,31.62,-0.16,3081.9,0.1696,0.2113,0.5359,557.6
530,31.04,-0.013,3090.5,0.2859,0.2117,0.9034,558.5
531,31.52,0.158,3099.3,0.4721,0.2122,1.4919,560.0
532,32.18,0.247,3108.2,0.5771,0.2129,1.8235,561.8
533,33.3,0.195,3117.5,0.5339,0.2136,1.6873,563.5
534,33.59,-0.113,3126.8,0.1848,0.2138,0.5841,564.1
535,32.49,-0.449,3135.8,0.0254,0.2138,0.0804,564.1
536,30.36,-0.704,3144.3,0.0254,0.2138,0.0804,564.2
537,27.41,-0.33,3151.9,0.0225,0.2139,0.0712,564.3
538,27.98,0.277,3159.7,0.5282,0.2145,1.669,566.0
539,29.41,0.766,3167.8,1.0315,0.2157,3.2595,569.2
540,33.5,1.104,3177.1,1.4822,0.2175,4.6839,573.9
541,37.36,1.025,3187.5,1.5677,0.2194,4.9538,578.9
542,40.88,0.969,3198.9,1.6225,0.2213,5.1272,584.0
543,44.34,0.959,3211.2,1.7269,0.2234,5.4569,589.4
544,47.78,0.586,3224.5,1.2596,0.2249,3.9804,593.4
545,48.56,0.093,3237.9,0.5244,0.2255,1.6571,595.1
546,48.45,-0.32,3251.4,0.0178,0.2255,0.0563,595.1
547,46.26,-0.61,3264.3,0.0178,0.2256,0.0563,595.2
548,44.06,-0.612,3276.5,0.0293,0.2256,0.0924,595.3
549,41.85,-0.933,3288.1,0.0293,0.2256,0.0924,595.4
550,37.34,-1.45,3298.5,0.0297,0.2257,0.0937,595.5
551,31.4,-1.245,3307.2,0.0254,0.2257,0.0804,595.6
552,28.38,-0.91,3315.1,0.0225,0.2257,0.0712,595.6
553,24.85,-1.516,3322.0,0.0265,0.2258,0.0839,595.7
554,17.46,-1.615,3326.8,0.0206,0.2258,0.0651,595.8
555,13.22,-0.51,3330.5,0.1035,0.2259,0.327,596.1
556,13.79,0.599,3334.4,0.4353,0.2264,1.3756,597.5
557,17.54,1.294,3339.2,0.9766,0.2276,3.0859,600.6
558,23.11,1.738,3345.6,1.5349,0.2294,4.8502,605.4
559,30.06,1.817,3354.0,1.9689,0.2318,6.2216,611.6
560,36.19,1.004,3364.0,1.5055,0.2336,4.7575,616.4
561,37.29,0.362,3374.4,0.8255,0.2346,2.6086,619.0
562,38.8,0.529,3385.2,1.0689,0.2359,3.3778,622.4
563,41.1,0.639,3396.6,1.2431,0.2374,3.9283,626.3
564,43.4,0.324,3408.6,0.8847,0.2384,2.7956,629.1
565,43.43,-0.104,3420.7,0.2515,0.2387,0.7946,629.9
566,42.65,-0.225,3432.6,0.0293,0.2388,0.0924,630.0
567,41.81,-0.277,3444.2,0.0293,0.2388,0.0924,630.1
568,40.66,-0.321,3455.5,0.0293,0.2388,0.0924,630.2
569,39.5,-0.112,3466.4,0.2291,0.2391,0.724,630.9
570,39.85,0.257,3477.5,0.7315,0.24,2.3116,633.2
571,41.35,0.417,3489.0,0.9781,0.2411,3.0908,636.3
572,42.85,0.424,3500.9,1.0206,0.2424,3.2251,639.5
573,44.4,0.432,3513.2,1.0616,0.2436,3.3547,642.9
574,45.96,0.282,3526.0,0.7908,0.2446,2.499,645.4
575,46.43,-0.172,3538.9,0.1188,0.2447,0.3755,645.8
576,44.72,-0.246,3551.3,0.0293,0.2448,0.0924,645.8
577,44.66,0.149,3563.7,0.6417,0.2455,2.0279,647.9
578,45.8,0.585,3576.4,1.2117,0.247,3.829,651.7
579,48.87,0.901,3590.0,1.7246,0.2491,5.4496,657.2
580,52.28,0.858,3604.5,1.7783,0.2512,5.6194,662.8
581,55.05,0.655,3619.8,1.5595,0.2531,4.928,667.7
582,57.0,0.271,3635.7,0.9884,0.2542,3.1233,670.8
583,57.0,-0.112,3651.5,0.247,0.2545,0.7805,671.6
584,56.19,-0.344,3667.1,0.02,0.2546,0.0632,671.7
585,54.52,-0.795,3682.3,0.0185,0.2546,0.0585,671.7
586,50.47,-1.278,3696.3,0.0185,0.2546,0.0585,671.8
587,45.32,-1.062,3708.9,0.0178,0.2546,0.0563,671.8
588,42.82,-0.566,3720.8,0.0293,0.2547,0.0924,671.9
589,41.24,-0.062,3732.2,0.3022,0.255,0.955,672.9
590,42.38,0.423,3744.0,1.0089,0.2562,3.1881,676.1
591,44.29,0.66,3756.3,1.3475,0.2578,4.2582,680.3
592,47.13,0.84,3769.4,1.5856,0.2597,5.0106,685.3
593,50.34,0.913,3783.4,1.795,0.2619,5.6722,691.0
594,53.7,0.725,3798.3,1.6207,0.2638,5.1213,696.1
595,55.56,0.481,3813.7,1.2976,0.2654,4.1005,700.2
596,57.16,0.372,3829.6,1.1556,0.2668,3.6518,703.9
597,58.23,0.255,3845.8,0.9822,0.2679,3.1038,707.0
598,59.0,0.106,3862.2,0.6993,0.2688,2.2097,709.2
599,59.0,0.0,3878.5,0.486,0.2694,1.5359,710.7
600,59.0,0.0,3894.9,0.486,0.2699,1.5359,712.3
601,59.0,0.0,3911.3,0.486,0.2705,1.5359,713.8
602,59.0,0.0,3927.7,0.486,0.2711,1.5359,715.3
603,59.0,-0.195,3944.1,0.1332,0.2713,0.421,715.8
604,57.6,-0.438,3960.1,0.02,0.2713,0.0632,715.8
605,55.85,-0.473,3975.6,0.02,0.2713,0.0632,715.9
606,54.19,-0.481,3990.7,0.0185,0.2713,0.0585,716.0
607,52.38,-0.552,4005.2,0.0185,0.2714,0.0585,716.0
608,50.21,-0.539,4019.2,0.0185,0.2714,0.0585,716.1
609,48.5,-0.396,4032.6,0.0178,0.2714,0.0563,716.1
610,47.37,-0.154,4045.8,0.1188,0.2715,0.3755,716.5
611,47.39,0.083,4059.0,0.4947,0.2721,1.5632,718.1
612,47.96,0.159,4072.3,0.6253,0.2729,1.9761,720.0
613,48.53,0.172,4085.8,0.6548,0.2737,2.0691,722.1
614,49.2,0.243,4099.4,0.7836,0.2746,2.4761,724.6
615,50.28,0.193,4113.4,0.7209,0.2755,2.2782,726.9
616,50.59,-0.127,4127.5,0.1738,0.2757,0.5491,727.4
617,49.37,-0.331,4141.2,0.0178,0.2757,0.0563,727.5
618,48.21,-0.32,4154.6,0.0178,0.2757,0.0563,727.5
619,47.07,-0.929,4167.6,0.0178,0.2757,0.0563,727.6
620,41.52,-1.616,4179.2,0.0293,0.2758,0.0924,727.7
621,35.43,-1.815,4189.0,0.0297,0.2758,0.0937,727.8
622,28.45,-1.953,4196.9,0.0225,0.2758,0.0712,727.8
623,21.37,-1.98,4202.8,0.0265,0.2759,0.0839,727.9
624,14.19,-1.162,4206.8,0.1035,0.276,0.327,728.2
625,13.0,-0.116,4210.4,0.1035,0.2761,0.327,728.6
626,13.35,0.782,4214.1,0.5079,0.2767,1.605,730.2
627,18.63,1.367,4219.3,1.0595,0.278,3.3481,733.5
628,23.2,1.094,4225.7,1.1136,0.2793,3.519,737.0
629,26.51,0.935,4233.1,1.0834,0.2806,3.4234,740.5
630,29.93,0.962,4241.4,1.2125,0.2821,3.8314,744.3
631,33.44,1.076,4250.7,1.4534,0.2838,4.5926,748.9
632,37.68,1.198,4261.2,1.7647,0.2859,5.5763,754.5
633,42.06,1.227,4272.8,1.9717,0.2883,6.2305,760.7
634,46.51,1.155,4285.8,1.9843,0.2907,6.2705,767.0
635,50.37,0.776,4299.7,1.5992,0.2926,5.0535,772.0
636,52.09,0.557,4314.2,1.3251,0.2942,4.1872,776.2
637,54.38,0.723,4329.3,1.6371,0.2961,5.1734,781.4
638,57.3,0.561,4345.2,1.4672,0.2979,4.6363,786.0
639,58.42,0.233,4361.5,0.9438,0.299,2.9825,789.0
640,58.98,-0.074,4377.9,0.337,0.2994,1.0649,790.1
641,57.89,-0.331,4393.9,0.02,0.2995,0.0632,790.1
642,56.59,-0.423,4409.7,0.02,0.2995,0.0632,790.2
643,54.84,-0.484,4424.9,0.0185,0.2995,0.0585,790.3
644,53.11,-0.48,4439.6,0.0185,0.2995,0.0585,790.3
645,51.39,-0.487,4453.9,0.0185,0.2995,0.0585,790.4
646,49.6,-0.489,4467.7,0.0178,0.2996,0.0563,790.4
647,47.87,-0.4,4481.0,0.0178,0.2996,0.0563,790.5
648,46.72,-0.231,4494.0,0.0178,0.2996,0.0563,790.5
649,46.2,0.004,4506.8,0.3572,0.3,1.1286,791.7
650,46.74,0.275,4519.8,0.7935,0.301,2.5074,794.2
651,48.18,0.51,4533.2,1.1647,0.3024,3.6805,797.9
652,50.42,0.501,4547.2,1.2053,0.3038,3.8087,801.7
653,51.79,0.34,4561.6,0.9975,0.305,3.152,804.8
654,52.87,0.24,4576.2,0.8465,0.306,2.6749,807.5
655,53.52,0.158,4591.1,0.7084,0.3069,2.2384,809.7
656,54.0,0.066,4606.1,0.5462,0.3075,1.726,811.5
657,54.0,0.0,4621.1,0.4247,0.308,1.342,812.8
658,54.0,0.0,4636.1,0.4247,0.3086,1.342,814.1
659,54.0,0.0,4651.1,0.4247,0.3091,1.342,815.5
660,54.0,0.009,4666.1,0.4413,0.3096,1.3944,816.9
661,54.07,0.32,4681.1,1.0068,0.3108,3.1816,820.1
662,56.31,0.603,4696.8,1.5102,0.3126,4.7722,824.8
663,58.41,0.522,4713.0,1.4299,0.3143,4.5184,829.4
664,60.07,0.461,4729.7,1.3488,0.3159,4.2621,833.6
665,61.73,0.46,4746.8,1.3847,0.3176,4.3756,838.0
666,63.38,0.22,4764.4,0.9889,0.3188,3.125,841.1
667,63.31,-0.165,4782.0,0.1628,0.319,0.5144,841.6
668,62.19,0.012,4799.3,0.5311,0.3196,1.6782,843.3
669,63.4,0.39,4816.9,1.2966,0.3212,4.0972,847.4
670,65.0,0.223,4835.0,1.0282,0.3224,3.2491,850.7
671,65.0,0.0,4853.0,0.5466,0.323,1.7273,852.4
672,65.0,0.0,4871.1,0.5466,0.3237,1.7273,854.1
673,65.0,0.0,4889.1,0.5466,0.3244,1.7273,855.8
674,65.0,0.0,4907.2,0.5466,0.325,1.7273,857.6
675,65.0,0.116,4925.2,0.8037,0.326,2.5397,860.1
676,65.84,0.27,4943.5,1.1306,0.3273,3.5728,863.7
677,66.94,0.018,4962.1,0.6125,0.3281,1.9355,865.6
678,65.97,-0.296,4980.4,0.0185,0.3281,0.0586,865.7
679,64.81,-0.394,4998.4,0.0175,0.3281,0.0553,865.7
680,63.13,-0.467,5016.0,0.0175,0.3281,0.0553,865.8
681,61.44,-0.468,5033.0,0.0175,0.3281,0.0553,865.8
682,59.76,-0.479,5049.6,0.02,0.3282,0.0632,865.9
683,58.0,-0.497,5065.8,0.02,0.3282,0.0632,866.0
684,56.18,-0.9,5081.4,0.02,0.3282,0.0632,866.0
685,51.51,-1.377,5095.7,0.0185,0.3282,0.0585,866.1
686,46.26,-1.854,5108.5,0.0178,0.3283,0.0563,866.1
687,38.17,-2.39,5119.1,0.0297,0.3283,0.0937,866.2
688,29.06,-2.777,5127.2,0.0225,0.3283,0.0712,866.3
689,18.17,-2.091,5132.2,0.0206,0.3283,0.0651,866.4
690,14.0,-0.579,5136.1,0.1035,0.3285,0.327,866.7
691,14.0,0.11,5140.0,0.207,0.3287,0.6542,867.3
692,14.79,0.259,5144.1,0.2882,0.3291,0.9108,868.3
693,15.87,0.707,5148.5,0.5784,0.3298,1.8278,870.1
694,19.88,1.18,5154.1,1.0067,0.331,3.1813,873.3
695,24.36,1.358,5160.8,1.3378,0.3326,4.2274,877.5
696,29.65,1.229,5169.1,1.4293,0.3343,4.5166,882.0
697,33.21,0.575,5178.3,0.9631,0.3354,3.0434,885.1
698,33.79,0.6,5187.7,1.0067,0.3366,3.1811,888.2
699,37.53,1.285,5198.1,1.8518,0.3389,5.8518,894.1
700,43.04,1.239,5210.1,2.0267,0.3413,6.4045,900.5
701,46.45,0.827,5223.0,1.5475,0.3431,4.89,905.4
702,49.0,0.354,5236.6,0.9645,0.3443,3.0479,908.4
703,49.0,-0.074,5250.2,0.2506,0.3446,0.7918,909.2
704,48.46,-0.228,5263.6,0.0178,0.3446,0.0563,909.3
705,47.36,-0.364,5276.8,0.0178,0.3446,0.0563,909.3
706,45.84,-0.447,5289.5,0.0178,0.3446,0.0563,909.4
707,44.14,-0.48,5301.8,0.0293,0.3447,0.0924,909.5
708,42.39,-0.567,5313.6,0.0293,0.3447,0.0924,909.6
709,40.05,-0.953,5324.7,0.0293,0.3448,0.0924,909.7
710,35.53,-1.502,5334.6,0.0297,0.3448,0.0937,909.8
711,29.24,-2.054,5342.7,0.0225,0.3448,0.0712,909.8
712,20.74,-1.893,5348.4,0.0265,0.3448,0.0839,909.9
713,15.61,-1.2,5352.8,0.0206,0.3449,0.0651,910.0
714,12.1,-0.11,5356.1,0.1035,0.345,0.327,910.3
715,14.82,0.89,5360.3,0.6075,0.3457,1.9196,912.2
716,18.5,1.358,5365.4,1.0493,0.347,3.3157,915.5
717,24.6,1.39,5372.2,1.3705,0.3486,4.3307,919.9
718,28.51,0.704,5380.2,0.951,0.3498,3.0052,922.9
719,29.67,0.66,5388.4,0.9405,0.3509,2.972,925.9
720,33.27,1.138,5397.6,1.5061,0.3527,4.7594,930.6
721,37.86,1.19,5408.1,1.7632,0.3548,5.5716,936.2
722,41.83,0.992,5419.8,1.6819,0.3568,5.3148,941.5
723,45.0,0.44,5432.3,1.007,0.358,3.1821,944.7
724,45.0,0.122,5444.8,0.5285,0.3587,1.6701,946.4
725,45.88,0.447,5457.5,1.033,0.3599,3.2643,949.6
726,48.21,0.539,5470.9,1.2052,0.3613,3.8085,953.4
727,49.76,0.373,5484.7,1.0047,0.3625,3.1748,956.6
728,50.9,0.371,5498.9,1.0271,0.3638,3.2455,959.8
729,52.43,0.43,5513.4,1.1432,0.3651,3.6126,963.5
730,54.0,0.296,5528.4,0.9687,0.3663,3.061,966.5
731,54.56,0.175,5543.6,0.7557,0.3672,2.3881,968.9
732,55.26,0.262,5558.9,0.9405,0.3683,2.972,971.9
733,56.45,0.285,5574.6,1.0019,0.3695,3.166,975.0
734,57.31,0.199,5590.5,0.8568,0.3706,2.7074,977.8
735,57.88,0.162,5606.6,0.7936,0.3715,2.5079,980.3
736,58.47,0.163,5622.9,0.8052,0.3725,2.5445,982.8
737,59.06,0.158,5639.3,0.8049,0.3734,2.5433,985.3
738,59.61,0.153,5655.8,0.8037,0.3744,2.5397,987.9
739,60.16,0.153,5672.5,0.7961,0.3754,2.5158,990.4
740,60.71,-0.025,5689.4,0.4368,0.3759,1.3802,991.8
741,59.99,-0.397,5706.1,0.02,0.3759,0.0632,991.8
742,57.85,-0.509,5722.1,0.02,0.3759,0.0632,991.9
743,56.32,-0.369,5737.8,0.02,0.3759,0.0632,992.0
744,55.2,-0.315,5753.1,0.02,0.376,0.0632,992.0
745,54.05,-0.326,5768.1,0.0185,0.376,0.0585,992.1
746,52.85,-0.412,5782.8,0.0185,0.376,0.0585,992.2
747,51.08,-0.482,5797.0,0.0185,0.376,0.0585,992.2
748,49.38,-0.456,5810.7,0.0178,0.3761,0.0563,992.3
749,47.8,-0.293,5824.0,0.0178,0.3761,0.0563,992.3
750,47.27,0.004,5837.1,0.366,0.3765,1.1567,993.5
751,47.83,0.259,5850.4,0.7866,0.3775,2.4857,996.0
752,49.14,0.412,5864.1,1.0482,0.3787,3.3124,999.3
753,50.79,0.396,5878.2,1.0613,0.38,3.3536,1002.6
754,51.99,0.323,5892.6,0.9758,0.3812,3.0834,1005.7
755,53.12,0.318,5907.4,0.9875,0.3823,3.1204,1008.8
756,54.27,0.292,5922.4,0.967,0.3835,3.0556,1011.9
757,55.22,0.214,5937.8,0.8494,0.3845,2.6841,1014.6
758,55.81,0.108,5953.3,0.6579,0.3853,2.0791,1016.7
759,56.0,0.026,5968.8,0.504,0.3859,1.5926,1018.2
760,56.0,-0.237,5984.4,0.02,0.3859,0.0632,1018.3
761,54.3,-0.473,5999.5,0.0185,0.386,0.0585,1018.4
762,52.6,-0.467,6014.1,0.0185,0.386,0.0585,1018.4
763,50.93,-0.361,6028.2,0.0185,0.386,0.0585,1018.5
764,50.0,-0.129,6042.1,0.1677,0.3862,0.5298,1019.0
765,50.0,-0.265,6056.0,0.0185,0.3862,0.0585,1019.1
766,48.09,-0.663,6069.4,0.0178,0.3862,0.0563,1019.1
767,45.23,-0.73,6081.9,0.0178,0.3863,0.0563,1019.2
768,42.84,-0.64,6093.8,0.0293,0.3863,0.0924,1019.3
769,40.62,-0.549,6105.1,0.0293,0.3863,0.0924,1019.4
770,38.88,-0.401,6115.9,0.0297,0.3864,0.0937,1019.5
771,37.73,-0.235,6126.4,0.0297,0.3864,0.0937,1019.6
772,37.19,-0.156,6136.7,0.1977,0.3866,0.6247,1020.2
773,36.61,-0.165,6146.9,0.1977,0.3869,0.6247,1020.8
774,36.01,-0.467,6156.9,0.0297,0.3869,0.0937,1020.9
775,33.25,-0.74,6166.1,0.0254,0.3869,0.0804,1021.0
776,30.68,-0.588,6174.7,0.0254,0.387,0.0804,1021.1
777,29.01,-0.435,6182.7,0.0225,0.387,0.0712,1021.1
778,27.55,-0.362,6190.4,0.0225,0.387,0.0712,1021.2
779,26.41,-0.574,6197.7,0.0225,0.3871,0.0712,1021.3
780,23.42,-0.974,6204.2,0.0265,0.3871,0.0839,1021.4
781,19.4,-0.915,6209.6,0.0206,0.3871,0.0651,1021.4
782,16.83,-0.648,6214.3,0.0206,0.3871,0.0651,1021.5
783,14.73,-0.45,6218.4,0.1035,0.3873,0.327,1021.8
784,13.6,-0.315,6222.1,0.1035,0.3874,0.327,1022.1
785,12.46,-0.314,6225.6,0.1035,0.3875,0.327,1022.5
786,11.33,-0.147,6228.8,0.1035,0.3876,0.327,1022.8
787,11.41,0.09,6231.9,0.1795,0.3878,0.5674,1023.4
788,11.98,0.158,6235.3,0.2112,0.3881,0.6675,1024.0
789,12.54,0.233,6238.7,0.2485,0.3884,0.7851,1024.8
790,13.66,0.632,6242.5,0.4475,0.3889,1.4142,1026.2
791,17.09,1.001,6247.3,0.7841,0.3899,2.4778,1028.7
792,20.86,1.105,6253.1,1.0383,0.3911,3.2809,1032.0
793,25.05,1.005,6260.0,1.0884,0.3924,3.4394,1035.4
794,28.1,0.801,6267.8,1.0251,0.3936,3.2395,1038.7
795,30.82,0.962,6276.4,1.2603,0.3952,3.9824,1042.7
796,35.02,1.191,6286.1,1.6527,0.3971,5.2226,1047.9
797,39.39,1.305,6297.1,1.9528,0.3995,6.1709,1054.0
798,44.42,1.38,6309.4,2.2628,0.4022,7.1506,1061.2
799,49.33,1.319,6323.1,2.3277,0.405,7.3556,1068.6
800,53.92,0.97,6338.1,2.0037,0.4074,6.3317,1074.9
801,56.31,0.41,6353.7,1.2003,0.4088,3.7929,1078.7
802,56.88,-0.029,6369.5,0.4072,0.4093,1.2867,1080.0
803,56.1,-0.267,6385.1,0.02,0.4093,0.0632,1080.0
804,54.95,-0.317,6400.4,0.0185,0.4093,0.0585,1080.1
805,53.82,-0.271,6415.3,0.0185,0.4094,0.0585,1080.1
806,53.0,-0.114,6430.1,0.2091,0.4096,0.6607,1080.8
807,53.0,-0.111,6444.8,0.2145,0.4099,0.6778,1081.5
808,52.2,-0.346,6459.3,0.0185,0.4099,0.0585,1081.5
809,50.51,-0.418,6473.3,0.0185,0.4099,0.0585,1081.6
810,49.19,-0.344,6487.0,0.0178,0.4099,0.0563,1081.7
811,48.03,-0.006,6500.3,0.3561,0.4104,1.1253,1082.8
812,49.15,0.337,6514.0,0.9402,0.4115,2.9712,1085.8
813,50.46,0.41,6528.0,1.0752,0.4128,3.3977,1089.2
814,52.1,0.532,6542.5,1.2881,0.4143,4.0705,1093.2
815,54.29,0.7,6557.5,1.5989,0.4162,5.0527,1098.3
816,57.14,0.68,6573.4,1.6571,0.4182,5.2365,1103.5
817,59.19,0.519,6589.8,1.4435,0.4199,4.5615,1108.1
818,60.88,0.471,6606.8,1.3844,0.4216,4.3748,1112.4
819,62.58,0.472,6624.1,1.4256,0.4233,4.5049,1117.0
820,64.28,0.476,6642.0,1.473,0.4251,4.6547,1121.6
821,66.01,0.378,6660.3,1.3371,0.4267,4.2251,1125.8
822,67.0,0.138,6678.9,0.8875,0.4277,2.8044,1128.6
823,67.0,-0.099,6697.6,0.3461,0.4282,1.0935,1129.7
824,66.29,-0.258,6716.0,0.0185,0.4282,0.0586,1129.8
825,65.14,-0.179,6734.1,0.1508,0.4284,0.4766,1130.3
826,65.0,-0.037,6752.1,0.4646,0.4289,1.4682,1131.7
827,64.88,-0.1,6770.1,0.317,0.4293,1.0017,1132.7
828,64.28,-0.204,6788.0,0.1167,0.4294,0.3686,1133.1
829,63.41,-0.276,6805.6,0.0175,0.4295,0.0553,1133.2
830,62.3,-0.154,6822.9,0.1798,0.4297,0.5682,1133.7
831,62.3,0.057,6840.2,0.628,0.4304,1.9845,1135.7
832,62.71,0.097,6857.6,0.7192,0.4313,2.2726,1138.0
833,63.0,0.041,6875.1,0.6033,0.432,1.9064,1139.9
834,63.0,0.0,6892.6,0.5152,0.4326,1.6281,1141.5
835,63.0,-0.062,6910.1,0.3821,0.4331,1.2073,1142.7
836,62.55,-0.172,6927.5,0.1431,0.4333,0.452,1143.2
837,61.76,-0.22,6944.7,0.0175,0.4333,0.0553,1143.2
838,60.97,-0.215,6961.6,0.0175,0.4333,0.0553,1143.3
839,60.21,-0.21,6978.3,0.1167,0.4334,0.3686,1143.7
840,59.46,-0.25,6994.8,0.02,0.4335,0.0632,1143.7
841,58.41,-0.351,7011.1,0.02,0.4335,0.0632,1143.8
842,56.93,-0.412,7026.9,0.02,0.4335,0.0632,1143.8
843,55.45,-0.368,7042.3,0.02,0.4335,0.0632,1143.9
844,54.28,-0.305,7057.4,0.0185,0.4336,0.0585,1144.0
845,53.25,-0.12,7072.2,0.1996,0.4338,0.6307,1144.6
846,53.42,0.099,7087.0,0.5994,0.4345,1.8941,1146.5
847,53.97,-0.137,7102.0,0.1723,0.4347,0.5445,1147.0
848,52.43,-0.445,7116.5,0.0185,0.4347,0.0585,1147.1
849,50.76,-0.464,7130.6,0.0185,0.4348,0.0585,1147.2
850,49.09,-0.439,7144.3,0.0178,0.4348,0.0563,1147.2
851,47.6,-0.369,7157.5,0.0178,0.4348,0.0563,1147.3
852,46.43,-0.624,7170.4,0.0178,0.4348,0.0563,1147.3
853,43.1,-1.103,7182.4,0.0293,0.4349,0.0924,1147.4
854,38.49,-1.212,7193.1,0.0297,0.4349,0.0937,1147.5
855,34.37,-1.12,7202.6,0.0254,0.4349,0.0804,1147.6
856,30.43,-1.023,7211.1,0.0254,0.435,0.0804,1147.7
857,27.01,-1.06,7218.6,0.0225,0.435,0.0712,1147.7
858,22.79,-1.329,7224.9,0.0265,0.435,0.0839,1147.8
859,17.44,-1.0,7229.7,0.0206,0.435,0.0651,1147.9
860,15.59,-0.335,7234.1,0.0206,0.4351,0.0651,1148.0
861,15.03,0.471,7238.2,0.4339,0.4356,1.371,1149.3
862,18.98,1.127,7243.5,0.9381,0.4367,2.9644,1152.3
863,23.14,1.06,7249.9,1.0891,0.438,3.4415,1155.7
864,26.61,0.935,7257.3,1.0864,0.4393,3.4332,1159.2
865,29.87,0.843,7265.6,1.1092,0.4406,3.5051,1162.7
866,32.68,0.937,7274.7,1.2968,0.4422,4.0979,1166.8
867,36.62,1.233,7284.9,1.7593,0.4443,5.5593,1172.3
868,41.56,0.997,7296.4,1.6786,0.4463,5.3043,1177.6
869,43.79,0.466,7308.6,1.0927,0.4476,3.4528,1181.1
870,44.91,0.711,7321.1,1.4285,0.4493,4.5142,1185.6
871,48.92,1.087,7334.7,1.9857,0.4517,6.2748,1191.9
872,52.74,0.908,7349.3,1.8684,0.4539,5.904,1197.8
873,55.45,0.625,7364.7,1.5229,0.4558,4.8123,1202.6
874,57.24,0.327,7380.6,1.0837,0.4571,3.4246,1206.0
875,57.8,-0.004,7396.7,0.4652,0.4576,1.4701,1207.5
876,57.21,-0.249,7412.6,0.02,0.4576,0.0632,1207.5
877,56.01,-0.416,7428.1,0.02,0.4577,0.0632,1207.6
878,54.22,-0.393,7443.2,0.0185,0.4577,0.0585,1207.7
879,53.18,-0.067,7457.9,0.2953,0.458,0.9332,1208.6
880,53.74,0.195,7472.9,0.7795,0.459,2.4631,1211.1
881,54.58,0.271,7488.0,0.9347,0.4601,2.9536,1214.0
882,55.69,0.016,7503.5,0.4816,0.4607,1.5218,1215.5
883,54.7,-0.373,7518.7,0.0185,0.4607,0.0585,1215.6
884,53.0,-0.236,7533.4,0.0185,0.4607,0.0585,1215.7
885,53.0,0.0,7548.1,0.4151,0.4612,1.3117,1217.0
886,53.0,0.0,7562.9,0.4151,0.4617,1.3117,1218.3
887,53.0,0.067,7577.6,0.5362,0.4624,1.6942,1220.0
888,53.48,0.225,7592.4,0.8299,0.4634,2.6226,1222.6
889,54.62,0.366,7607.6,1.088,0.4647,3.4381,1226.0
890,56.11,0.438,7623.2,1.241,0.4661,3.9216,1230.0
891,57.78,0.529,7639.3,1.4264,0.4678,4.5074,1234.5
892,59.92,0.582,7655.9,1.5687,0.4697,4.9572,1239.4
893,61.97,0.207,7673.1,0.9404,0.4709,2.9717,1242.4
894,61.41,-0.198,7690.2,0.1167,0.471,0.3686,1242.8
895,60.54,-0.364,7707.0,0.0175,0.471,0.0553,1242.8
896,58.79,-0.481,7723.3,0.02,0.471,0.0632,1242.9
897,57.07,-0.471,7739.2,0.02,0.4711,0.0632,1242.9
898,55.4,-0.464,7754.6,0.02,0.4711,0.0632,1243.0
899,53.73,-0.461,7769.5,0.0185,0.4711,0.0585,1243.1
900,52.08,-0.402,7783.9,0.0185,0.4711,0.0585,1243.1
901,50.84,-0.359,7798.1,0.0185,0.4712,0.0585,1243.2
902,49.49,-0.414,7811.8,0.0178,0.4712,0.0563,1243.2
903,47.86,-0.39,7825.1,0.0178,0.4712,0.0563,1243.3
904,46.68,-0.255,7838.1,0.0178,0.4712,0.0563,1243.4
905,46.02,0.136,7850.9,0.5628,0.4719,1.7784,1245.1
906,47.66,0.463,7864.1,1.0896,0.4732,3.4432,1248.6
907,49.35,0.455,7877.8,1.1127,0.4745,3.5162,1252.1
908,50.94,0.496,7892.0,1.2094,0.476,3.8216,1255.9
909,52.93,0.659,7906.7,1.4989,0.4778,4.7367,1260.6
910,55.69,0.772,7922.1,1.7626,0.4799,5.5699,1266.2
911,58.48,0.78,7938.4,1.8618,0.4821,5.8833,1272.1
912,61.3,0.372,7955.4,1.221,0.4836,3.8585,1276.0
913,61.16,-0.176,7972.4,0.1266,0.4837,0.4002,1276.4
914,60.03,-0.397,7989.1,0.0175,0.4837,0.0553,1276.4
915,58.3,-0.485,8005.3,0.02,0.4838,0.0632,1276.5
916,56.54,-0.485,8021.0,0.02,0.4838,0.0632,1276.5
917,54.8,-0.353,8036.2,0.0185,0.4838,0.0585,1276.6
918,54.0,-0.112,8051.2,0.2185,0.4841,0.6904,1277.3
919,54.0,0.057,8066.2,0.5296,0.4847,1.6737,1279.0
920,54.41,0.135,8081.3,0.6791,0.4855,2.1461,1281.1
921,54.97,-0.071,8096.6,0.3012,0.4859,0.9517,1282.1
922,53.9,-0.328,8111.5,0.0185,0.4859,0.0585,1282.1
923,52.61,-0.426,8126.2,0.0185,0.4859,0.0585,1282.2
924,50.83,-0.362,8140.3,0.0185,0.486,0.0585,1282.2
925,50.0,-0.116,8154.2,0.1898,0.4862,0.5999,1282.8
926,50.0,0.0,8168.1,0.3876,0.4866,1.2248,1284.1
927,50.0,0.014,8181.9,0.4115,0.4871,1.3002,1285.4
928,50.1,0.094,8195.9,0.549,0.4878,1.735,1287.1
929,50.68,0.019,8209.9,0.4265,0.4883,1.3477,1288.4
930,50.23,-0.304,8223.9,0.0185,0.4883,0.0585,1288.5
931,48.49,-0.476,8237.4,0.0178,0.4884,0.0563,1288.6
932,46.81,-0.465,8250.4,0.0178,0.4884,0.0563,1288.6
933,45.14,-0.465,8262.9,0.0178,0.4884,0.0563,1288.7
934,43.46,-0.521,8275.0,0.0293,0.4884,0.0924,1288.8
935,41.39,-0.921,8286.5,0.0293,0.4885,0.0924,1288.9
936,36.83,-1.33,8296.7,0.0297,0.4885,0.0937,1289.0
937,31.81,-1.493,8305.5,0.0254,0.4885,0.0804,1289.0
938,26.08,-1.428,8312.8,0.0225,0.4886,0.0712,1289.1
939,21.53,-1.169,8318.8,0.0265,0.4886,0.0839,1289.2
940,17.66,-0.757,8323.7,0.0206,0.4886,0.0651,1289.3
941,16.08,-0.37,8328.1,0.0206,0.4886,0.0651,1289.3
942,15.0,-0.151,8332.3,0.1374,0.4888,0.4342,1289.8
943,15.0,0.059,8336.5,0.2225,0.4891,0.7032,1290.5
944,15.43,0.285,8340.8,0.344,0.4895,1.0871,1291.5
945,17.05,0.593,8345.5,0.5454,0.4901,1.7235,1293.3
946,19.69,0.93,8351.0,0.8362,0.4911,2.6423,1295.9
947,23.75,0.905,8357.6,1.0026,0.4923,3.1681,1299.1
948,26.21,0.583,8364.8,0.7759,0.4933,2.452,1301.5
949,27.95,0.165,8372.6,0.421,0.4938,1.3304,1302.9
950,27.4,-0.132,8380.2,0.1503,0.4939,0.4749,1303.3
951,27.0,-0.055,8387.7,0.2083,0.4942,0.6581,1304.0
952,27.0,0.099,8395.2,0.35,0.4946,1.1061,1305.1
953,27.71,0.255,8402.9,0.5034,0.4952,1.5909,1306.7
954,28.84,0.247,8410.9,0.5113,0.4958,1.6157,1308.3
955,29.49,0.171,8419.1,0.4438,0.4964,1.4024,1309.7
956,30.07,0.158,8427.5,0.4563,0.4969,1.4419,1311.1
957,30.63,-0.096,8436.0,0.1971,0.4971,0.6229,1311.8
958,29.37,-0.83,8444.1,0.0225,0.4972,0.0712,1311.8
959,24.66,-1.49,8451.0,0.0265,0.4972,0.0839,1311.9
960,18.64,-1.768,8456.2,0.0206,0.4972,0.0651,1312.0
961,11.93,-1.196,8459.5,0.1035,0.4974,0.327,1312.3
962,10.03,-0.381,8462.3,0.1035,0.4975,0.327,1312.6
963,9.18,0.179,8464.8,0.1742,0.4977,0.5505,1313.2
964,11.32,0.599,8468.0,0.3754,0.4981,1.1862,1314.4
965,13.5,0.625,8471.7,0.4402,0.4987,1.3911,1315.8
966,15.82,0.865,8476.1,0.6622,0.4995,2.0926,1317.9
967,19.72,1.311,8481.6,1.0744,0.5007,3.3952,1321.3
968,25.26,1.446,8488.6,1.413,0.5024,4.465,1325.7
969,30.14,1.314,8497.0,1.541,0.5043,4.8697,1330.6
970,34.72,1.039,8506.6,1.4624,0.506,4.6212,1335.2
971,37.62,0.829,8517.1,1.3664,0.5077,4.3179,1339.5
972,40.69,1.086,8528.4,1.7519,0.5098,5.5361,1345.1
973,45.43,1.265,8541.0,2.084,0.5123,6.5855,1351.7
974,49.8,1.15,8554.8,2.1088,0.5148,6.664,1358.3
975,53.71,0.879,8569.7,1.8568,0.517,5.8675,1364.2
976,56.13,0.569,8585.3,1.4511,0.5188,4.5856,1368.8
977,57.81,0.74,8601.4,1.775,0.5209,5.6088,1374.4
978,61.46,1.033,8618.5,2.3828,0.5237,7.5296,1381.9
979,65.25,0.905,8636.6,2.3014,0.5265,7.2725,1389.2
980,67.97,0.786,8655.5,2.1705,0.5291,6.8587,1396.0
981,70.9,0.894,8675.2,2.4973,0.5321,7.8913,1403.9
982,74.41,0.624,8695.8,2.0572,0.5345,6.5007,1410.4
983,75.4,-0.015,8716.8,0.673,0.5353,2.1268,1412.6
984,74.3,-0.436,8737.4,0.0199,0.5354,0.0628,1412.6
985,72.26,-0.61,8757.5,0.0199,0.5354,0.0628,1412.7
986,69.91,-0.57,8776.9,0.0185,0.5354,0.0586,1412.7
987,68.16,-0.484,8795.8,0.0185,0.5354,0.0586,1412.8
988,66.43,-0.476,8814.3,0.0185,0.5355,0.0586,1412.9
989,64.73,-0.382,8832.3,0.0175,0.5355,0.0553,1412.9
990,63.67,-0.227,8850.0,0.0175,0.5355,0.0553,1413.0
991,63.1,-0.369,8867.5,0.0175,0.5355,0.0553,1413.0
992,61.01,-0.605,8884.4,0.0175,0.5355,0.0553,1413.1
993,58.74,-0.55,8900.7,0.02,0.5356,0.0632,1413.1
994,57.06,-0.469,8916.6,0.02,0.5356,0.0632,1413.2
995,55.36,-0.473,8932.0,0.02,0.5356,0.0632,1413.3
996,53.65,-0.28,8946.9,0.0185,0.5356,0.0585,1413.3
997,53.35,0.036,8961.7,0.4839,0.5362,1.5291,1414.9
998,53.91,0.024,8976.7,0.4679,0.5368,1.4787,1416.3
999,53.52,-0.173,8991.5,0.1235,0.5369,0.3902,1416.7
1000,52.67,-0.667,9006.2,0.0185,0.5369,0.0585,1416.8
1001,48.72,-1.057,9019.7,0.0178,0.537,0.0563,1416.8
1002,45.06,-0.927,9032.2,0.0178,0.537,0.0563,1416.9
1003,42.04,-0.825,9043.9,0.0293,0.537,0.0924,1417.0
1004,39.13,-0.804,9054.8,0.0297,0.5371,0.0937,1417.1
1005,36.26,-0.366,9064.8,0.0297,0.5371,0.0937,1417.2
1006,36.49,0.12,9075.0,0.5094,0.5377,1.6097,1418.8
1007,37.13,0.399,9085.3,0.8693,0.5387,2.7471,1421.5
1008,39.36,0.538,9096.2,1.0906,0.5401,3.4464,1425.0
1009,41.0,0.228,9107.6,0.7064,0.5409,2.2323,1427.2
1010,41.0,0.0,9119.0,0.3877,0.5414,1.2251,1428.4
1011,41.0,0.0,9130.4,0.3877,0.5418,1.2251,1429.7
1012,41.0,-0.058,9141.8,0.3066,0.5422,0.9689,1430.6
1013,40.58,-0.139,9153.0,0.195,0.5424,0.6163,1431.3
1014,40.0,-0.161,9164.2,0.195,0.5427,0.6163,1431.9
1015,39.42,-0.097,9175.1,0.249,0.543,0.7869,1432.7
1016,39.3,0.137,9186.0,0.5621,0.5436,1.7764,1434.4
1017,40.41,0.425,9197.2,0.9691,0.5448,3.0624,1437.5
1018,42.36,0.683,9209.0,1.3269,0.5464,4.1929,1441.7
1019,45.32,0.564,9221.6,1.1734,0.5478,3.7078,1445.4
1020,46.43,0.23,9234.5,0.7168,0.5486,2.2651,1447.7
1021,46.98,0.314,9247.6,0.8602,0.5497,2.7181,1450.4
1022,48.69,0.461,9261.1,1.1077,0.551,3.5004,1453.9
1023,50.3,0.386,9275.0,1.0377,0.5522,3.2792,1457.2
1024,51.46,0.237,9289.3,0.8166,0.5532,2.5803,1459.7
1025,52.0,0.075,9303.8,0.5387,0.5539,1.7022,1461.4
1026,52.0,0.059,9318.2,0.5103,0.5545,1.6126,1463.1
1027,52.42,0.136,9332.8,0.6527,0.5553,2.0625,1465.1
1028,52.98,-0.167,9347.5,0.1235,0.5554,0.3902,1465.5
1029,51.22,-0.439,9361.7,0.0185,0.5554,0.0585,1465.6
1030,49.82,-0.276,9375.6,0.0178,0.5555,0.0563,1465.6
1031,49.23,-0.114,9389.3,0.1848,0.5557,0.5841,1466.2
1032,49.0,-0.032,9402.9,0.3207,0.5561,1.0135,1467.2
1033,49.0,0.063,9416.5,0.4795,0.5566,1.5151,1468.7
1034,49.45,0.151,9430.2,0.6327,0.5574,1.9993,1470.7
1035,50.09,0.246,9444.1,0.8085,0.5584,2.5549,1473.3
1036,51.22,0.215,9458.4,0.774,0.5593,2.4458,1475.7
1037,51.64,-0.103,9472.7,0.221,0.5596,0.6984,1476.4
1038,50.48,-0.271,9486.7,0.0185,0.5596,0.0585,1476.5
1039,49.69,-0.186,9500.5,0.1188,0.5597,0.3755,1476.9
1040,49.15,0.016,9514.2,0.4023,0.5602,1.2713,1478.1
1041,49.8,0.244,9528.0,0.7955,0.5612,2.5137,1480.7
1042,50.9,0.308,9542.1,0.9302,0.5623,2.9393,1483.6
1043,52.02,0.291,9556.6,0.922,0.5634,2.9136,1486.5
1044,53.0,0.135,9571.3,0.659,0.5642,2.0826,1488.6
1045,53.0,-0.099,9586.0,0.2362,0.5644,0.7463,1489.3
1046,52.28,-0.332,9600.6,0.0185,0.5645,0.0585,1489.4
1047,50.61,-0.415,9614.6,0.0185,0.5645,0.0585,1489.5
1048,49.3,-0.337,9628.3,0.0178,0.5645,0.0563,1489.5
1049,48.19,-0.312,9641.7,0.0178,0.5645,0.0563,1489.6
1050,47.05,-0.329,9654.8,0.0178,0.5645,0.0563,1489.6
1051,45.82,-0.477,9667.5,0.0178,0.5646,0.0563,1489.7
1052,43.61,-0.596,9679.6,0.0293,0.5646,0.0924,1489.8
1053,41.53,-0.536,9691.1,0.0293,0.5646,0.0924,1489.9
1054,39.76,-0.436,9702.2,0.0297,0.5647,0.0937,1490.0
1055,38.39,-0.339,9712.9,0.0297,0.5647,0.0937,1490.0
1056,37.31,-0.365,9723.2,0.0297,0.5647,0.0937,1490.1
1057,35.76,-0.46,9733.2,0.0297,0.5648,0.0937,1490.2
1058,34.01,-0.74,9742.6,0.0254,0.5648,0.0804,1490.3
1059,30.44,-0.883,9751.1,0.0254,0.5648,0.0804,1490.4
1060,27.65,-0.541,9758.7,0.0225,0.5649,0.0712,1490.5
1061,26.54,-0.149,9766.1,0.1503,0.5651,0.4749,1490.9
1062,26.57,0.16,9773.5,0.4017,0.5655,1.2693,1492.2
1063,27.69,0.363,9781.2,0.6051,0.5663,1.9122,1494.1
1064,29.19,0.438,9789.3,0.7062,0.5671,2.2316,1496.4
1065,30.84,0.252,9797.9,0.5635,0.5678,1.7807,1498.1
1066,31.0,0.049,9806.5,0.3512,0.5682,1.1098,1499.2
1067,31.19,0.182,9815.1,0.494,0.5688,1.5611,1500.8
1068,32.31,0.221,9824.1,0.5503,0.5694,1.7388,1502.5
1069,32.79,-0.011,9833.2,0.2973,0.5698,0.9394,1503.5
1070,32.23,-0.061,9842.2,0.2393,0.5701,0.7562,1504.2
1071,32.35,0.098,9851.1,0.4151,0.5706,1.3118,1505.6
1072,32.93,0.299,9860.3,0.6461,0.5714,2.0416,1507.6
1073,34.5,0.398,9869.9,0.7879,0.5723,2.4896,1510.1
1074,35.8,-0.063,9879.8,0.2789,0.5726,0.8812,1511.0
1075,34.05,-0.45,9889.3,0.0254,0.5727,0.0804,1511.0
1076,32.56,-0.361,9898.3,0.0254,0.5727,0.0804,1511.1
1077,31.45,-0.705,9907.1,0.0254,0.5727,0.0804,1511.2
1078,27.48,-1.379,9914.7,0.0225,0.5728,0.0712,1511.3
1079,21.53,-1.452,9920.7,0.0265,0.5728,0.0839,1511.4
1080,17.03,-1.179,9925.4,0.0206,0.5728,0.0651,1511.4
1081,13.04,-0.875,9929.0,0.1035,0.5729,0.327,1511.8
1082,10.73,-0.524,9932.0,0.1035,0.5731,0.327,1512.1
1083,9.27,-0.052,9934.6,0.1021,0.5732,0.3226,1512.4
1084,10.36,0.394,9937.5,0.2798,0.5735,0.884,1513.3
1085,12.1,0.618,9940.8,0.4021,0.574,1.2707,1514.6
1086,14.8,0.541,9944.9,0.4307,0.5745,1.3609,1515.9
1087,16.0,0.166,9949.4,0.2869,0.5749,0.9067,1516.8
1088,16.0,0.336,9953.8,0.3797,0.5753,1.1998,1518.0
1089,18.42,0.679,9958.9,0.6328,0.5761,1.9997,1520.0
1090,20.89,0.177,9964.7,0.3827,0.5765,1.2094,1521.2
1091,19.69,-0.526,9970.2,0.0206,0.5766,0.0651,1521.3
1092,17.11,-0.984,9975.0,0.0206,0.5766,0.0651,1521.4
1093,12.61,-0.957,9978.5,0.1035,0.5767,0.327,1521.7
1094,10.22,-0.501,9981.3,0.1035,0.5768,0.327,1522.0
1095,9.0,-0.252,9983.8,0.0855,0.5769,0.2701,1522.3
1096,8.4,-0.164,9986.1,0.0855,0.577,0.2701,1522.6
1097,7.82,-0.159,9988.3,0.0855,0.5771,0.2701,1522.8
1098,7.26,-0.045,9990.3,0.1,0.5773,0.3161,1523.1
1099,7.49,0.161,9992.4,0.1531,0.5774,0.4839,1523.6
1100,8.42,0.209,9994.7,0.1754,0.5776,0.5543,1524.2
1101,9.0,0.081,9997.2,0.1424,0.5778,0.4499,1524.6
1102,9.0,0.0,9999.7,0.1175,0.578,0.3714,1525.0
1103,9.0,-0.041,10002.2,0.1049,0.5781,0.3316,1525.3
1104,8.7,-0.094,10004.7,0.0885,0.5782,0.2798,1525.6
1105,8.33,-0.055,10007.0,0.0995,0.5783,0.3143,1525.9
1106,8.3,0.311,10009.3,0.203,0.5786,0.6414,1526.6
1107,10.56,0.627,10012.2,0.3671,0.579,1.16,1527.7
1108,12.82,0.4,10015.8,0.3248,0.5794,1.0262,1528.8
1109,13.44,-0.076,10019.5,0.1175,0.5795,0.3713,1529.1
1110,12.27,-0.325,10022.9,0.1035,0.5796,0.327,1529.5
1111,11.11,-0.236,10026.0,0.1035,0.5798,0.327,1529.8
1112,10.57,-0.139,10028.9,0.1035,0.5799,0.327,1530.1
1113,10.1,-0.08,10031.8,0.1121,0.58,0.3541,1530.5
1114,10.0,-0.02,10034.5,0.1324,0.5802,0.4185,1530.9
1115,9.96,-0.247,10037.3,0.0855,0.5803,0.2701,1531.2
1116,8.22,-0.46,10039.6,0.0855,0.5804,0.2701,1531.4
1117,6.65,-0.382,10041.4,0.0855,0.5805,0.2701,1531.7
1118,5.47,-0.129,10042.9,0.0855,0.5806,0.2701,1532.0
1119,5.72,0.201,10044.5,0.1449,0.5808,0.4577,1532.4
1120,6.92,0.329,10046.5,0.1876,0.581,0.5928,1533.0
1121,8.09,0.467,10048.7,0.243,0.5813,0.7679,1533.8
1122,10.28,1.108,10051.6,0.5286,0.5819,1.6705,1535.5
1123,16.07,1.443,10056.0,0.9857,0.5831,3.1148,1538.6
1124,20.67,1.108,10061.8,1.0334,0.5843,3.2654,1541.8
1125,24.04,1.311,10068.4,1.2919,0.5859,4.0824,1545.9
1126,30.11,1.831,10076.8,1.9837,0.5883,6.2685,1552.2
1127,37.23,1.432,10087.1,1.9953,0.5907,6.3051,1558.5
1128,40.42,0.836,10098.4,1.4538,0.5924,4.5941,1563.1
1129,43.25,1.122,10110.4,1.8912,0.5947,5.9761,1569.1
1130,48.5,1.299,10123.9,2.2629,0.5974,7.1507,1576.2
1131,52.6,0.819,10138.5,1.7301,0.5994,5.4672,1581.7
1132,54.39,0.599,10153.6,1.4451,0.6012,4.5665,1586.2
1133,56.91,0.75,10169.4,1.7643,0.6033,5.5751,1591.8
1134,59.79,0.429,10186.0,1.3045,0.6048,4.1222,1595.9
1135,60.0,-0.039,10202.7,0.4007,0.6053,1.2663,1597.2
1136,59.51,-0.302,10219.2,0.02,0.6053,0.0632,1597.3
1137,57.82,-0.349,10235.3,0.02,0.6054,0.0632,1597.3
1138,57.0,-0.114,10251.1,0.2431,0.6057,0.7682,1598.1
1139,57.0,-0.1,10266.9,0.2703,0.606,0.8542,1599.0
1140,56.28,-0.252,10282.6,0.02,0.606,0.0632,1599.0
1141,55.18,-0.392,10297.9,0.02,0.606,0.0632,1599.1
1142,53.46,-0.489,10312.7,0.0185,0.6061,0.0585,1599.1
1143,51.66,-0.476,10327.1,0.0185,0.6061,0.0585,1599.2
1144,50.04,-0.764,10341.0,0.0185,0.6061,0.0585,1599.3
1145,46.17,-1.625,10353.8,0.0178,0.6061,0.0563,1599.3
1146,38.34,-1.917,10364.5,0.0297,0.6062,0.0937,1599.4
1147,32.36,-1.47,10373.5,0.0254,0.6062,0.0804,1599.5
1148,27.76,-1.663,10381.2,0.0225,0.6062,0.0712,1599.6
1149,20.39,-2.065,10386.8,0.0265,0.6062,0.0839,1599.6
1150,12.89,-1.268,10390.4,0.1035,0.6064,0.327,1600.0
1151,11.26,-0.42,10393.5,0.1035,0.6065,0.327,1600.3
1152,9.87,-0.275,10396.3,0.0855,0.6066,0.2701,1600.6
1153,9.28,-0.164,10398.9,0.0855,0.6067,0.2701,1600.8
1154,8.69,-0.164,10401.3,0.0855,0.6068,0.2701,1601.1
1155,8.09,-0.228,10403.5,0.0855,0.6069,0.2701,1601.4
1156,7.04,-0.271,10405.5,0.0855,0.607,0.2701,1601.6
1157,6.14,0.117,10407.2,0.1316,0.6072,0.416,1602.1
1158,7.89,0.483,10409.4,0.2434,0.6075,0.7692,1602.8
1159,9.62,0.477,10412.0,0.2763,0.6078,0.873,1603.7
1160,11.32,0.285,10415.2,0.2542,0.6081,0.8032,1604.5
1161,11.67,-0.029,10418.4,0.134,0.6083,0.4234,1604.9
1162,11.11,0.091,10421.5,0.1779,0.6085,0.5621,1605.5
1163,12.32,0.398,10424.9,0.3152,0.6088,0.996,1606.5
1164,13.98,0.86,10428.8,0.5644,0.6095,1.7833,1608.3
1165,18.51,1.326,10434.0,1.0328,0.6108,3.2636,1611.5
1166,23.53,1.592,10440.5,1.4594,0.6125,4.6116,1616.2
1167,29.97,1.651,10448.8,1.8026,0.6147,5.6963,1621.8
1168,35.41,1.388,10458.7,1.8669,0.6169,5.8994,1627.7
1169,39.97,1.031,10469.8,1.6654,0.6189,5.2627,1633.0
1170,42.84,0.752,10481.7,1.4235,0.6206,4.4982,1637.5
1171,45.38,0.926,10494.3,1.6432,0.6226,5.1925,1642.7
1172,49.51,1.114,10508.0,2.0464,0.625,6.4666,1649.2
1173,53.4,1.031,10522.8,2.078,0.6275,6.5665,1655.7
1174,56.93,0.852,10538.7,1.9305,0.6298,6.1003,1661.8
1175,59.53,0.667,10555.2,1.7029,0.6319,5.3813,1667.2
1176,61.74,0.738,10572.3,1.8744,0.6341,5.923,1673.1
1177,64.85,0.87,10590.4,2.2153,0.6368,7.0003,1680.1
1178,68.0,0.438,10609.2,1.4966,0.6385,4.7294,1684.9
1179,68.0,-0.061,10628.1,0.444,0.6391,1.403,1686.3
1180,67.56,-0.301,10646.9,0.0185,0.6391,0.0586,1686.3
1181,65.84,-0.474,10665.2,0.0185,0.6391,0.0586,1686.4
1182,64.15,-0.464,10683.0,0.0175,0.6391,0.0553,1686.4
1183,62.5,-0.463,10700.4,0.0175,0.6392,0.0553,1686.5
1184,60.81,-0.469,10717.3,0.0175,0.6392,0.0553,1686.6
1185,59.12,-0.11,10733.7,0.2656,0.6395,0.8393,1687.4
1186,60.02,0.27,10750.4,1.0207,0.6407,3.2255,1690.6
1187,61.06,0.219,10767.3,0.9484,0.6419,2.9971,1693.6
1188,61.6,0.065,10784.4,0.6353,0.6426,2.0074,1695.6
1189,61.53,-0.249,10801.5,0.0175,0.6426,0.0553,1695.7
1190,59.81,-0.394,10818.1,0.02,0.6427,0.0632,1695.7
1191,58.7,-0.234,10834.4,0.02,0.6427,0.0632,1695.8
1192,58.13,-0.039,10850.6,0.3993,0.6432,1.2619,1697.1
1193,58.42,0.117,10866.8,0.7128,0.644,2.2524,1699.3
1194,58.97,0.301,10883.2,1.0716,0.6453,3.3864,1702.7
1195,60.59,0.458,10900.0,1.3553,0.6469,4.2828,1707.0
1196,62.27,0.473,10917.3,1.4201,0.6486,4.4876,1711.5
1197,63.99,0.517,10935.1,1.5409,0.6505,4.8693,1716.3
1198,65.99,0.613,10953.4,1.7789,0.6526,5.6212,1722.0
1199,68.4,0.358,10972.4,1.3501,0.6542,4.2663,1726.2
1200,68.58,-0.054,10991.5,0.467,0.6548,1.4756,1727.7
1201,68.01,-0.318,11010.4,0.0185,0.6548,0.0586,1727.8
1202,66.28,-0.459,11028.8,0.0185,0.6548,0.0586,1727.8
1203,64.71,-0.372,11046.8,0.0175,0.6548,0.0553,1727.9
1204,63.61,-0.237,11064.4,0.0175,0.6549,0.0553,1727.9
1205,63.0,-0.084,11081.9,0.3348,0.6553,1.058,1729.0
1206,63.0,-0.19,11099.4,0.1167,0.6554,0.3686,1729.4
1207,61.63,-0.488,11116.6,0.0175,0.6554,0.0553,1729.4
1208,59.48,-0.548,11133.1,0.02,0.6555,0.0632,1729.5
1209,57.69,-0.485,11149.1,0.02,0.6555,0.0632,1729.5
1210,56.0,-0.465,11164.7,0.02,0.6555,0.0632,1729.6
1211,54.34,-0.416,11179.7,0.0185,0.6555,0.0585,1729.7
1212,53.0,-0.186,11194.5,0.1235,0.6557,0.3902,1730.1
1213,53.0,0.109,11209.2,0.6121,0.6564,1.9341,1732.0
1214,53.78,0.352,11224.1,1.0509,0.6577,3.3209,1735.3
1215,55.53,0.481,11239.6,1.297,0.6592,4.0984,1739.4
1216,57.25,0.474,11255.5,1.3239,0.6608,4.1836,1743.6
1217,58.94,0.396,11271.8,1.2308,0.6623,3.8893,1747.5
1218,60.1,0.335,11288.5,1.1335,0.6636,3.5819,1751.1
1219,61.36,0.413,11305.6,1.294,0.6652,4.0891,1755.2
1220,63.07,0.293,11323.1,1.1151,0.6665,3.5238,1758.7
1221,63.47,-0.106,11340.7,0.2915,0.6669,0.9211,1759.6
1222,62.31,-0.021,11358.0,0.4624,0.6674,1.4613,1761.1
1223,63.31,0.369,11375.6,1.2568,0.6689,3.9714,1765.0
1224,64.97,0.154,11393.7,0.8805,0.67,2.7823,1767.8
1225,64.42,-0.187,11411.6,0.1218,0.6701,0.3848,1768.2
1226,63.62,-0.349,11429.2,0.0175,0.6701,0.0553,1768.3
1227,61.91,-0.482,11446.4,0.0175,0.6702,0.0553,1768.3
1228,60.15,-0.496,11463.1,0.0175,0.6702,0.0553,1768.4
1229,58.34,-0.492,11479.3,0.02,0.6702,0.0632,1768.4
1230,56.61,-0.473,11495.1,0.02,0.6702,0.0632,1768.5
1231,54.93,-0.402,11510.3,0.0185,0.6703,0.0585,1768.5
1232,53.72,-0.329,11525.2,0.0185,0.6703,0.0585,1768.6
1233,52.56,-0.311,11539.8,0.0185,0.6703,0.0585,1768.7
1234,51.48,-0.131,11554.1,0.171,0.6705,0.5403,1769.2
1235,51.62,0.172,11568.5,0.7049,0.6714,2.2275,1771.4
1236,52.72,0.074,11583.1,0.5454,0.672,1.7236,1773.2
1237,52.15,-0.239,11597.6,0.0185,0.672,0.0585,1773.2
1238,51.0,-0.159,11611.8,0.1235,0.6722,0.3902,1773.6
1239,51.0,-0.026,11625.9,0.3513,0.6726,1.1102,1774.7
1240,50.82,-0.101,11640.1,0.2199,0.6729,0.6949,1775.4
1241,50.27,-0.232,11654.0,0.0185,0.6729,0.0585,1775.5
1242,49.15,-0.39,11667.7,0.0178,0.6729,0.0563,1775.5
1243,47.46,-0.298,11680.9,0.0178,0.6729,0.0563,1775.6
1244,47.0,-0.059,11693.9,0.2628,0.6732,0.8305,1776.4
1245,47.04,0.161,11707.0,0.6159,0.674,1.9463,1778.4
1246,48.16,0.312,11720.4,0.8793,0.675,2.7787,1781.1
1247,49.28,0.312,11734.0,0.9009,0.6761,2.8467,1784.0
1248,50.41,0.125,11748.0,0.6061,0.6768,1.9152,1785.9
1249,50.18,-0.272,11762.0,0.0185,0.6769,0.0585,1786.0
1250,48.45,-0.421,11775.4,0.0178,0.6769,0.0563,1786.0
1251,47.15,-0.339,11788.5,0.0178,0.6769,0.0563,1786.1
1252,46.01,-0.327,11801.3,0.0178,0.6769,0.0563,1786.1
1253,44.8,-0.33,11813.8,0.0293,0.677,0.0924,1786.2
1254,43.63,-0.312,11825.9,0.0293,0.677,0.0924,1786.3
1255,42.55,-0.537,11837.7,0.0293,0.677,0.0924,1786.4
1256,39.77,-1.023,11848.8,0.0297,0.6771,0.0937,1786.5
1257,35.19,-1.039,11858.5,0.0297,0.6771,0.0937,1786.6
1258,32.28,-0.726,11867.5,0.0254,0.6771,0.0804,1786.7
1259,29.96,-0.696,11875.8,0.0225,0.6772,0.0712,1786.7
1260,27.28,-0.701,11883.4,0.0225,0.6772,0.0712,1786.8
1261,24.91,-0.407,11890.3,0.0265,0.6772,0.0839,1786.9
1262,24.35,-0.227,11897.1,0.0265,0.6772,0.0839,1787.0
1263,23.28,-0.402,11903.5,0.0265,0.6773,0.0839,1787.1
1264,21.45,-0.317,11909.5,0.0265,0.6773,0.0839,1787.1
1265,21.0,-0.007,11915.3,0.2521,0.6776,0.7967,1787.9
1266,21.4,0.518,11921.3,0.6369,0.6784,2.0126,1790.0
1267,24.73,0.926,11928.2,1.0489,0.6796,3.3146,1793.3
1268,28.07,0.935,11935.9,1.1316,0.681,3.5758,1796.8
1269,31.46,0.938,11944.7,1.2593,0.6825,3.9793,1800.8
1270,34.82,0.933,11954.4,1.3606,0.6841,4.2996,1805.1
1271,38.18,1.069,11965.0,1.644,0.6861,5.1952,1810.3
1272,42.52,1.248,11976.8,2.016,0.6885,6.3707,1816.7
1273,47.16,1.192,11989.9,2.0599,0.691,6.5094,1823.2
1274,51.1,0.971,12004.1,1.905,0.6933,6.0198,1829.2
1275,54.16,0.506,12019.1,1.2957,0.6948,4.0943,1833.3
1276,54.75,0.163,12034.3,0.7363,0.6957,2.3268,1835.6
1277,55.33,0.16,12049.7,0.7494,0.6966,2.3682,1838.0
1278,55.9,-0.102,12065.2,0.2589,0.6969,0.8182,1838.8
1279,54.59,-0.421,12080.4,0.0185,0.6969,0.0585,1838.9
1280,52.86,-0.48,12095.1,0.0185,0.6969,0.0585,1838.9
1281,51.13,-0.452,12109.3,0.0185,0.697,0.0585,1839.0
1282,49.61,-0.368,12123.0,0.0178,0.697,0.0563,1839.1
1283,48.49,-0.047,12136.5,0.2921,0.6973,0.9231,1840.0
1284,49.27,0.421,12150.2,1.0633,0.6986,3.3601,1843.3
1285,51.52,0.256,12164.5,0.851,0.6996,2.689,1846.0
1286,51.12,-0.217,12178.7,0.0185,0.6996,0.0585,1846.1
1287,49.95,-0.739,12192.6,0.0178,0.6997,0.0563,1846.1
1288,45.79,-1.241,12205.3,0.0178,0.6997,0.0563,1846.2
1289,41.02,-1.499,12216.7,0.0293,0.6997,0.0924,1846.3
1290,35.0,-1.253,12226.4,0.0297,0.6998,0.0937,1846.4
1291,32.0,-0.417,12235.3,0.0254,0.6998,0.0804,1846.5
1292,32.0,0.338,12244.2,0.6738,0.7006,2.1292,1848.6
1293,34.43,0.793,12253.8,1.2108,0.702,3.8262,1852.4
1294,37.71,0.908,12264.2,1.454,0.7038,4.5946,1857.0
1295,40.97,0.914,12275.6,1.5613,0.7057,4.9337,1862.0
1296,44.29,1.045,12287.9,1.8338,0.7079,5.7948,1867.8
1297,48.49,1.11,12301.4,2.0011,0.7103,6.3234,1874.1
1298,52.28,0.766,12315.9,1.6411,0.7122,5.186,1879.3
1299,54.01,0.277,12330.9,0.9349,0.7133,2.9542,1882.2
1300,54.28,-0.199,12346.0,0.1235,0.7135,0.3902,1882.6
1301,52.58,-0.532,12360.6,0.0185,0.7135,0.0585,1882.7
1302,50.45,-0.623,12374.6,0.0185,0.7135,0.0585,1882.7
1303,48.09,-0.11,12388.0,0.1861,0.7138,0.588,1883.3
1304,49.66,0.454,12401.8,1.1176,0.7151,3.5316,1886.8
1305,51.36,0.464,12416.0,1.1716,0.7165,3.7023,1890.5
1306,53.0,0.544,12430.8,1.327,0.7181,4.1934,1894.7
1307,55.28,0.778,12446.1,1.7596,0.7202,5.5604,1900.3
1308,58.6,0.828,12462.4,1.9458,0.7225,6.1486,1906.4
1309,61.24,0.666,12479.4,1.7333,0.7246,5.4771,1911.9
1310,63.4,0.442,12497.0,1.3906,0.7263,4.3943,1916.3
1311,64.43,0.23,12514.9,1.0246,0.7275,3.2377,1919.6
1312,65.05,0.333,12533.0,1.2331,0.729,3.8965,1923.5
1313,66.82,0.41,12551.5,1.4155,0.7307,4.4731,1927.9
1314,68.0,0.164,12570.4,0.9653,0.7318,3.0504,1931.0
1315,68.0,-0.137,12589.3,0.2678,0.7321,0.8462,1931.8
1316,67.02,-0.371,12607.9,0.0185,0.7322,0.0586,1931.9
1317,65.33,-0.463,12626.1,0.0185,0.7322,0.0586,1931.9
1318,63.68,-0.456,12643.8,0.0175,0.7322,0.0553,1932.0
1319,62.04,-0.309,12661.0,0.0175,0.7322,0.0553,1932.0
1320,61.46,-0.145,12678.1,0.1933,0.7325,0.6107,1932.7
1321,61.0,-0.064,12695.0,0.3587,0.7329,1.1335,1933.8
1322,61.0,-0.035,12712.0,0.419,0.7334,1.3241,1935.1
1323,60.75,-0.115,12728.8,0.2508,0.7337,0.7924,1935.9
1324,60.18,-0.006,12745.6,0.4702,0.7343,1.4859,1937.4
1325,60.7,0.214,12762.4,0.9313,0.7354,2.9429,1940.3
1326,61.72,0.406,12779.6,1.2894,0.7369,4.0745,1944.4
1327,63.63,0.58,12797.2,1.6462,0.7389,5.2021,1949.6
1328,65.89,0.479,12815.5,1.5243,0.7407,4.8167,1954.4
1329,67.08,0.236,12834.2,1.0886,0.742,3.4399,1957.9
1330,67.59,-0.243,12853.0,0.0185,0.742,0.0586,1957.9
1331,65.33,-0.565,12871.1,0.0185,0.7421,0.0586,1958.0
1332,63.52,-0.413,12888.7,0.0175,0.7421,0.0553,1958.0
1333,62.36,-0.211,12906.1,0.1167,0.7422,0.3686,1958.4
1334,62.0,-0.05,12923.3,0.3977,0.7427,1.2567,1959.7
1335,62.0,0.141,12940.5,0.8015,0.7437,2.5326,1962.2
1336,63.01,0.295,12958.0,1.1176,0.745,3.5317,1965.7
1337,64.12,0.306,12975.8,1.1583,0.7464,3.6603,1969.4
1338,65.22,0.326,12993.9,1.2235,0.7478,3.8661,1973.3
1339,66.47,0.401,13012.4,1.3906,0.7495,4.3942,1977.7
1340,68.1,0.389,13031.3,1.4039,0.7512,4.4362,1982.1
1341,69.27,0.246,13050.6,1.1476,0.7526,3.6265,1985.7
1342,69.87,-0.084,13070.0,0.4108,0.7531,1.2982,1987.0
1343,68.67,-0.402,13089.0,0.0185,0.7531,0.0586,1987.1
1344,66.98,-0.461,13107.7,0.0185,0.7531,0.0586,1987.1
1345,65.35,-0.556,13125.8,0.0185,0.7531,0.0586,1987.2
1346,62.98,-1.141,13143.3,0.0175,0.7531,0.0553,1987.2
1347,57.13,-1.852,13159.2,0.02,0.7532,0.0632,1987.3
1348,49.64,-2.341,13173.0,0.0178,0.7532,0.0563,1987.4
1349,40.28,-1.98,13184.1,0.0293,0.7532,0.0924,1987.5
1350,35.39,-1.162,13194.0,0.0297,0.7533,0.0937,1987.6
1351,31.91,-1.245,13202.8,0.0254,0.7533,0.0804,1987.6
1352,26.43,-1.435,13210.2,0.0225,0.7533,0.0712,1987.7
1353,21.58,-0.979,13216.2,0.0265,0.7533,0.0839,1987.8
1354,19.38,-0.467,13221.6,0.0206,0.7534,0.0651,1987.9
1355,18.22,-0.081,13226.6,0.1552,0.7536,0.4905,1988.3
1356,18.8,0.467,13231.8,0.5073,0.7542,1.6032,1989.9
1357,21.58,0.932,13237.8,0.9455,0.7553,2.9878,1992.9
1358,25.51,0.965,13244.9,1.0744,0.7566,3.395,1996.3
1359,28.53,0.856,13252.8,1.0816,0.7579,3.4178,1999.7
1360,31.67,1.093,13261.6,1.4059,0.7596,4.4425,2004.2
1361,36.39,1.276,13271.8,1.7946,0.7617,5.6709,2009.9
1362,40.87,1.199,13283.1,1.8903,0.764,5.9732,2015.8
1363,45.03,1.015,13295.6,1.7459,0.7661,5.5171,2021.4
1364,48.17,0.83,13309.0,1.6041,0.768,5.0688,2026.4
1365,51.01,0.78,13323.2,1.624,0.7699,5.1318,2031.6
1366,53.79,0.789,13338.1,1.7214,0.772,5.4397,2037.0
1367,56.69,0.866,13353.9,1.9452,0.7743,6.1468,2043.1
1368,60.03,0.842,13370.5,2.0001,0.7767,6.3203,2049.5
1369,62.75,0.634,13388.0,1.7195,0.7788,5.4335,2054.9
1370,64.59,0.511,13405.9,1.5449,0.7806,4.8818,2059.8
1371,66.43,0.442,13424.4,1.4674,0.7824,4.6368,2064.4
1372,67.77,0.341,13443.2,1.3037,0.7839,4.1198,2068.5
1373,68.89,0.309,13462.3,1.2644,0.7855,3.9955,2072.5
1374,69.99,0.049,13481.8,0.7295,0.7863,2.3054,2074.8
1375,69.25,-0.208,13501.0,0.1235,0.7865,0.3904,2075.2
1376,68.5,-0.139,13520.0,0.2675,0.7868,0.8453,2076.1
1377,68.25,0.067,13539.0,0.7447,0.7877,2.3532,2078.4
1378,68.98,0.204,13558.1,1.0597,0.789,3.3485,2081.8
1379,69.71,0.177,13577.5,1.0186,0.7902,3.2189,2085.0
1380,70.25,0.132,13597.0,0.9414,0.7913,2.9748,2088.0
1381,70.67,0.058,13616.6,0.7709,0.7922,2.436,2090.4
1382,70.67,-0.234,13636.3,0.1325,0.7924,0.4187,2090.8
1383,68.98,-0.371,13655.4,0.0185,0.7924,0.0586,2090.9
1384,68.0,-0.137,13674.3,0.2678,0.7927,0.8462,2091.7
1385,68.0,-0.121,13693.2,0.3049,0.7931,0.9635,2092.7
1386,67.13,-0.276,13711.9,0.0185,0.7931,0.0586,2092.7
1387,66.01,-0.076,13730.2,0.3883,0.7936,1.2272,2094.0
1388,66.58,0.077,13748.7,0.7415,0.7945,2.3432,2096.3
1389,66.57,-0.227,13767.2,0.0185,0.7945,0.0586,2096.4
1390,64.94,-0.452,13785.2,0.0175,0.7945,0.0553,2096.4
1391,63.31,-0.456,13802.8,0.0175,0.7945,0.0553,2096.5
1392,61.66,-0.497,13819.9,0.0175,0.7946,0.0553,2096.5
1393,59.73,-0.564,13836.5,0.02,0.7946,0.0632,2096.6
1394,57.61,-0.549,13852.5,0.02,0.7946,0.0632,2096.7
1395,55.78,-0.492,13868.0,0.02,0.7946,0.0632,2096.7
1396,54.06,-0.695,13883.1,0.0185,0.7947,0.0585,2096.8
1397,50.77,-0.938,13897.2,0.0185,0.7947,0.0585,2096.8
1398,47.31,-1.039,13910.3,0.0178,0.7947,0.0563,2096.9
1399,43.3,-1.111,13922.3,0.0293,0.7947,0.0924,2097.0
1400,39.31,-1.101,13933.2,0.0297,0.7948,0.0937,2097.1
1401,35.37,-0.79,13943.1,0.0297,0.7948,0.0937,2097.2
1402,33.63,-0.322,13952.4,0.0254,0.7948,0.0804,2097.3
1403,33.05,0.203,13961.6,0.5398,0.7955,1.7059,2099.0
1404,35.09,0.641,13971.3,1.1051,0.7968,3.4921,2102.5
1405,37.67,0.901,13981.8,1.4452,0.7985,4.5669,2107.0
1406,41.58,1.007,13993.3,1.6911,0.8006,5.3439,2112.4
1407,44.92,0.799,14005.8,1.5415,0.8024,4.8712,2117.2
1408,47.33,0.707,14019.0,1.4123,0.8041,4.4628,2121.7
1409,50.01,0.758,14032.9,1.5629,0.806,4.9388,2126.6
1410,52.79,0.714,14047.5,1.578,0.8079,4.9865,2131.6
1411,55.15,0.635,14062.8,1.5307,0.8097,4.8372,2136.5
1412,57.36,0.551,14078.8,1.4523,0.8114,4.5893,2141.1
1413,59.11,0.524,14095.2,1.45,0.8132,4.5821,2145.6
1414,61.13,0.6,14112.2,1.6151,0.8151,5.1036,2150.7
1415,63.43,0.627,14129.8,1.7259,0.8172,5.4539,2156.2
1416,65.65,0.612,14148.0,1.7674,0.8193,5.5851,2161.8
1417,67.83,0.679,14166.9,1.9588,0.8216,6.1898,2168.0
1418,70.53,0.71,14186.5,2.1134,0.8242,6.6782,2174.6
1419,72.94,0.254,14206.7,1.2429,0.8257,3.9274,2178.6
1420,72.36,-0.131,14226.8,0.3323,0.8261,1.0501,2179.6
1421,72.0,-0.05,14246.8,0.5275,0.8267,1.6669,2181.3
1422,72.0,-0.053,14266.8,0.5201,0.8273,1.6436,2182.9
1423,71.62,-0.133,14286.7,0.32,0.8277,1.011,2183.9
1424,71.05,-0.224,14306.5,0.1325,0.8279,0.4187,2184.4
1425,70.0,-0.3,14325.9,0.0199,0.8279,0.0628,2184.4
1426,68.89,-0.374,14345.0,0.0185,0.8279,0.0586,2184.5
1427,67.31,-0.401,14363.7,0.0185,0.8279,0.0586,2184.5
1428,66.0,-0.182,14382.1,0.1497,0.8281,0.4731,2185.0
1429,66.0,0.0,14400.4,0.5593,0.8288,1.7673,2186.8
1430,66.0,0.0,14418.7,0.5593,0.8294,1.7673,2188.6
1431,66.0,-0.1,14437.1,0.3342,0.8298,1.0562,2189.6
1432,65.28,-0.34,14455.2,0.0185,0.8299,0.0586,2189.7
1433,63.55,-0.432,14472.9,0.0175,0.8299,0.0553,2189.7
1434,62.17,-0.362,14490.1,0.0175,0.8299,0.0553,2189.8
1435,60.95,-0.406,14507.1,0.0175,0.8299,0.0553,2189.8
1436,59.25,-0.606,14523.5,0.02,0.8299,0.0632,2189.9
1437,56.58,-1.127,14539.2,0.02,0.83,0.0632,2190.0
1438,51.14,-1.687,14553.4,0.0185,0.83,0.0585,2190.0
1439,44.44,-2.096,14565.8,0.0293,0.83,0.0924,2190.1
1440,36.05,-1.808,14575.8,0.0297,0.8301,0.0937,2190.2
1441,31.42,-0.797,14584.5,0.0254,0.8301,0.0804,2190.3
1442,30.3,0.224,14592.9,0.527,0.8307,1.6652,2192.0
1443,33.04,0.957,14602.1,1.327,0.8323,4.1933,2196.1
1444,37.2,1.111,14612.5,1.6534,0.8343,5.2246,2201.4
1445,41.03,1.114,14623.8,1.7972,0.8364,5.6792,2207.0
1446,45.22,1.324,14636.4,2.1511,0.839,6.7976,2213.8
1447,50.57,1.448,14650.5,2.5742,0.8421,8.1345,2222.0
1448,55.64,1.376,14665.9,2.7195,0.8454,8.5935,2230.6
1449,60.48,0.815,14682.7,1.9686,0.8477,6.2207,2236.8
1450,61.51,0.199,14699.8,0.915,0.8488,2.8915,2239.7
1451,61.91,-0.025,14717.0,0.4496,0.8494,1.4207,2241.1
1452,61.33,-0.23,14734.0,0.0175,0.8494,0.0553,2241.2
1453,60.26,-0.392,14750.8,0.0175,0.8494,0.0553,2241.2
1454,58.51,-0.758,14767.0,0.02,0.8494,0.0632,2241.3
1455,54.8,-1.144,14782.2,0.0185,0.8494,0.0585,2241.3
1456,50.27,-1.106,14796.2,0.0185,0.8495,0.0585,2241.4
1457,46.83,-0.846,14809.2,0.0178,0.8495,0.0563,2241.5
1458,44.18,-0.211,14821.5,0.0293,0.8495,0.0924,2241.5
1459,45.32,0.349,14834.1,0.8831,0.8506,2.7906,2244.3
1460,46.69,0.432,14847.0,1.0288,0.8518,3.2511,2247.6
1461,48.43,0.55,14860.5,1.2254,0.8533,3.8721,2251.5
1462,50.65,0.65,14874.6,1.4255,0.855,4.5046,2256.0
1463,53.11,0.649,14889.3,1.4886,0.8568,4.704,2260.7
1464,55.32,0.656,14904.7,1.5684,0.8586,4.9561,2265.6
1465,57.83,0.823,14920.8,1.9124,0.8609,6.0433,2271.7
1466,61.25,0.939,14937.8,2.2104,0.8636,6.9848,2278.7
1467,64.59,0.919,14955.7,2.2964,0.8663,7.2566,2285.9
1468,67.86,0.662,14974.6,1.9268,0.8686,6.0887,2292.0
1469,69.35,0.283,14993.8,1.2223,0.8701,3.8624,2295.9
1470,69.9,0.416,15013.2,1.4982,0.8719,4.7343,2300.6
1471,72.35,0.721,15033.3,2.1948,0.8745,6.9356,2307.5
1472,75.09,0.537,15054.2,1.9018,0.8768,6.0097,2313.5
1473,76.21,0.289,15075.4,1.3947,0.8785,4.4072,2317.9
1474,77.17,0.213,15096.8,1.2482,0.88,3.9444,2321.9
1475,77.75,0.024,15118.4,0.8129,0.8809,2.5686,2324.5
1476,77.35,-0.219,15139.9,0.1651,0.8811,0.5218,2325.0
1477,76.17,-0.384,15161.0,0.0214,0.8812,0.0676,2325.1
1478,74.58,-0.457,15181.8,0.0199,0.8812,0.0628,2325.1
1479,72.88,-0.556,15202.0,0.0199,0.8812,0.0628,2325.2
1480,70.57,-0.563,15221.6,0.0199,0.8812,0.0628,2325.2
1481,68.83,-0.318,15240.7,0.0185,0.8813,0.0586,2325.3
1482,68.29,-0.225,15259.7,0.1235,0.8814,0.3904,2325.7
1483,67.21,-0.381,15278.4,0.0185,0.8814,0.0586,2325.7
1484,65.54,-0.587,15296.6,0.0185,0.8815,0.0586,2325.8
1485,62.99,-0.77,15314.1,0.0175,0.8815,0.0553,2325.9
1486,60.0,-0.64,15330.7,0.0175,0.8815,0.0553,2325.9
1487,58.38,-0.483,15346.9,0.02,0.8815,0.0632,2326.0
1488,56.52,-0.697,15362.6,0.02,0.8815,0.0632,2326.0
1489,53.36,-0.9,15377.5,0.0185,0.8816,0.0585,2326.1
1490,50.04,-0.986,15391.4,0.0185,0.8816,0.0585,2326.2
1491,46.26,-1.05,15404.2,0.0178,0.8816,0.0563,2326.2
1492,42.48,-1.048,15416.0,0.0293,0.8816,0.0924,2326.3
1493,38.71,-1.223,15426.8,0.0297,0.8817,0.0937,2326.4
1494,33.68,-1.544,15436.1,0.0254,0.8817,0.0804,2326.5
1495,27.59,-1.865,15443.8,0.0225,0.8817,0.0712,2326.6
1496,20.25,-2.103,15449.4,0.0265,0.8818,0.0839,2326.6
1497,12.45,-1.292,15452.9,0.1035,0.8819,0.327,2327.0
1498,10.94,-0.219,15455.9,0.1035,0.882,0.327,2327.3
1499,10.88,0.751,15458.9,0.4211,0.8825,1.3308,2328.6
1500,16.35,1.216,15463.5,0.8757,0.8836,2.7671,2331.4
1501,19.63,0.303,15468.9,0.4144,0.8841,1.3094,2332.7
1502,18.54,-0.159,15474.1,0.1374,0.8842,0.4342,2333.1
1503,18.49,0.125,15479.2,0.2855,0.8846,0.9022,2334.0
1504,19.44,0.525,15484.6,0.5587,0.8852,1.7656,2335.8
1505,22.27,1.166,15490.8,1.1267,0.8866,3.5605,2339.4
1506,27.83,1.32,15498.5,1.4297,0.8883,4.5179,2343.9
1507,31.77,0.995,15507.4,1.3207,0.8899,4.1733,2348.1
1508,35.0,0.448,15517.1,0.8855,0.8909,2.798,2350.9
1509,35.0,0.149,15526.8,0.5286,0.8916,1.6705,2352.5
1510,36.07,0.537,15536.8,1.0179,0.8928,3.2165,2355.7
1511,38.87,0.809,15547.6,1.3807,0.8945,4.3631,2360.1
1512,41.9,0.865,15559.3,1.5326,0.8963,4.8429,2364.9
1513,45.1,0.57,15571.8,1.1761,0.8977,3.7165,2368.7
1514,46.0,0.126,15584.6,0.5469,0.8984,1.7281,2370.4
1515,46.0,0.217,15597.3,0.6896,0.8992,2.1791,2372.6
1516,47.56,0.463,15610.6,1.0876,0.9005,3.4368,2376.0
1517,49.33,0.485,15624.3,1.1545,0.9019,3.6483,2379.7
1518,51.05,0.519,15638.4,1.2452,0.9034,3.9349,2383.6
1519,53.07,0.613,15653.2,1.4331,0.9051,4.5285,2388.1
1520,55.46,0.579,15668.6,1.4504,0.9068,4.5832,2392.7
1521,57.24,0.468,15684.5,1.3139,0.9084,4.1519,2396.9
1522,58.83,0.517,15700.8,1.4315,0.9101,4.5237,2401.4
1523,60.96,0.601,15717.8,1.6123,0.912,5.0948,2406.5
1524,63.16,0.631,15735.3,1.7256,0.9141,5.4528,2411.9
1525,65.5,0.533,15753.5,1.6157,0.916,5.1055,2417.0
1526,67.0,0.208,15772.1,1.0336,0.9173,3.2663,2420.3
1527,67.0,-0.051,15790.7,0.4557,0.9178,1.44,2421.7
1528,66.64,-0.127,15809.2,0.279,0.9181,0.8815,2422.6
1529,66.08,-0.289,15827.6,0.0185,0.9182,0.0586,2422.7
1530,64.56,-0.428,15845.5,0.0175,0.9182,0.0553,2422.7
1531,63.0,-0.216,15863.0,0.1167,0.9183,0.3686,2423.1
1532,63.0,-0.046,15880.5,0.4164,0.9188,1.3159,2424.4
1533,62.67,-0.211,15897.9,0.1167,0.919,0.3686,2424.8
1534,61.48,-0.374,15915.0,0.0175,0.919,0.0553,2424.8
1535,59.98,-0.445,15931.7,0.02,0.919,0.0632,2424.9
1536,58.27,-1.035,15947.8,0.02,0.919,0.0632,2425.0
1537,52.52,-1.703,15962.4,0.0185,0.9191,0.0585,2425.0
1538,46.01,-1.601,15975.2,0.0178,0.9191,0.0563,2425.1
1539,40.99,-1.297,15986.6,0.0293,0.9191,0.0924,2425.2
1540,36.67,-0.829,15996.8,0.0297,0.9191,0.0937,2425.3
1541,35.03,-0.429,16006.5,0.0297,0.9192,0.0937,2425.4
1542,33.58,-0.359,16015.8,0.0254,0.9192,0.0804,2425.4
1543,32.44,-0.312,16024.9,0.0254,0.9192,0.0804,2425.5
1544,31.33,-0.305,16033.6,0.0254,0.9193,0.0804,2425.6
1545,30.24,-1.143,16042.0,0.0254,0.9193,0.0804,2425.7
1546,23.1,-2.219,16048.4,0.0265,0.9193,0.0839,2425.8
1547,14.27,-2.012,16052.3,0.1035,0.9195,0.327,2426.1
1548,8.62,-1.476,16054.7,0.0855,0.9196,0.2701,2426.4
1549,3.64,-0.991,16055.7,0.0716,0.9196,0.2262,2426.6
1550,1.48,-0.48,16056.2,0.0716,0.9197,0.2262,2426.8
1551,0.18,-0.101,16056.2,0.1276,0.9199,0.4031,2427.2
1552,0.75,0.607,16056.4,0.1276,0.92,0.4031,2427.6
1553,4.55,1.392,16057.7,0.3036,0.9204,0.9592,2428.6
1554,10.77,1.661,16060.7,0.7521,0.9213,2.3765,2431.0
1555,16.51,1.553,16065.3,1.0571,0.9226,3.3404,2434.3
1556,21.96,0.501,16071.4,0.6366,0.9233,2.0116,2436.3
1557,20.12,-0.378,16076.9,0.0265,0.9234,0.0839,2436.4
1558,19.23,-0.041,16082.3,0.183,0.9236,0.5782,2437.0
1559,19.83,0.481,16087.8,0.5376,0.9242,1.699,2438.7
1560,22.69,0.918,16094.1,0.975,0.9254,3.0809,2441.7
1561,26.44,1.347,16101.4,1.3918,0.9271,4.3982,2446.1
1562,32.39,1.605,16110.4,1.9047,0.9293,6.0187,2452.2
1563,38.0,0.779,16121.0,1.3233,0.9309,4.1816,2456.3
1564,38.0,-0.027,16131.6,0.3349,0.9313,1.0583,2457.4
1565,37.8,-0.102,16142.1,0.2371,0.9316,0.7492,2458.2
1566,37.26,0.053,16152.4,0.4324,0.9321,1.3663,2459.5
1567,38.18,0.448,16163.0,0.9543,0.9333,3.0155,2462.5
1568,40.49,0.453,16174.3,1.0095,0.9345,3.19,2465.7
1569,41.45,0.219,16185.8,0.7004,0.9353,2.2133,2467.9
1570,42.06,0.309,16197.5,0.8384,0.9363,2.6495,2470.6
1571,43.67,0.421,16209.6,1.0341,0.9376,3.2678,2473.9
1572,45.1,0.276,16222.1,0.7665,0.9385,2.4222,2476.3
1573,45.66,0.125,16234.8,0.5411,0.9391,1.71,2478.0
1574,46.0,0.047,16247.6,0.423,0.9396,1.3365,2479.3
1575,46.0,0.045,16260.4,0.4198,0.9401,1.3266,2480.7
1576,46.33,0.124,16273.2,0.5478,0.9408,1.731,2482.4
1577,46.9,-0.168,16286.3,0.1188,0.9409,0.3755,2482.8
1578,45.12,-0.547,16298.8,0.0178,0.941,0.0563,2482.8
1579,42.96,-0.38,16310.7,0.0293,0.941,0.0924,2482.9
1580,42.39,-0.081,16322.5,0.2807,0.9413,0.8869,2483.8
1581,42.37,0.158,16334.3,0.6258,0.9421,1.9776,2485.8
1582,43.52,0.467,16346.3,1.0886,0.9434,3.44,2489.2
1583,45.73,0.721,16359.1,1.3874,0.945,4.3842,2493.6
1584,48.71,0.73,16372.6,1.4818,0.9468,4.6824,2498.3
1585,50.99,0.602,16386.7,1.3646,0.9485,4.3121,2502.6
1586,53.05,0.361,16401.5,1.0513,0.9497,3.3222,2505.9
1587,53.59,0.093,16416.4,0.5907,0.9504,1.8665,2507.8
1588,53.72,-0.139,16431.3,0.1674,0.9506,0.5289,2508.3
1589,52.59,-0.16,16445.9,0.1243,0.9508,0.3928,2508.7
1590,52.57,0.16,16460.5,0.6978,0.9516,2.2051,2510.9
1591,53.74,0.14,16475.4,0.6787,0.9524,2.1447,2513.1
1592,53.57,-0.1,16490.3,0.2379,0.9527,0.7517,2513.8
1593,53.02,0.145,16505.0,0.6774,0.9535,2.1406,2515.9
1594,54.61,0.5,16520.2,1.2965,0.9551,4.0969,2520.0
1595,56.62,0.774,16535.9,1.7943,0.9572,5.67,2525.7
1596,60.18,0.937,16552.7,2.1681,0.9598,6.8513,2532.6
1597,63.36,0.829,16570.3,2.0889,0.9623,6.6011,2539.2
1598,66.15,0.453,16588.6,1.4816,0.9641,4.6817,2543.8
1599,66.63,-0.008,16607.1,0.5492,0.9647,1.7355,2545.6
1600,66.09,-0.616,16625.5,0.0185,0.9648,0.0586,2545.6
1601,62.2,-1.187,16642.8,0.0175,0.9648,0.0553,2545.7
1602,57.55,-1.371,16658.8,0.02,0.9648,0.0632,2545.8
1603,52.33,-1.407,16673.3,0.0185,0.9648,0.0585,2545.8
1604,47.42,-1.287,16686.5,0.0178,0.9649,0.0563,2545.9
1605,43.06,-1.405,16698.4,0.0293,0.9649,0.0924,2546.0
1606,37.3,-1.772,16708.8,0.0297,0.9649,0.0937,2546.1
1607,30.3,-1.336,16717.2,0.0254,0.965,0.0804,2546.1
1608,27.68,-0.588,16724.9,0.0225,0.965,0.0712,2546.2
1609,26.07,-0.234,16732.1,0.0225,0.965,0.0712,2546.3
1610,26.0,-0.009,16739.4,0.2459,0.9653,0.7771,2547.1
1611,26.0,0.0,16746.6,0.2539,0.9656,0.8023,2547.9
1612,26.0,0.0,16753.8,0.2539,0.9659,0.8023,2548.7
1613,26.0,0.0,16761.0,0.2539,0.9662,0.8023,2549.5
1614,26.0,0.16,16768.2,0.3957,0.9667,1.2505,2550.7
1615,27.15,0.393,16775.8,0.6235,0.9674,1.9701,2552.7
1616,28.83,0.184,16783.8,0.4492,0.968,1.4196,2554.1
1617,28.48,-0.228,16791.7,0.0225,0.968,0.0712,2554.2
1618,27.19,-0.79,16799.3,0.0225,0.968,0.0712,2554.2
1619,22.78,-1.39,16805.6,0.0265,0.9681,0.0839,2554.3
1620,17.18,-1.84,16810.4,0.0206,0.9681,0.0651,2554.4
1621,9.53,-1.553,16813.0,0.0855,0.9682,0.2701,2554.7
1622,6.0,-0.491,16814.7,0.0855,0.9683,0.2701,2554.9
1623,6.0,0.055,16816.3,0.1179,0.9684,0.3726,2555.3
1624,6.4,0.135,16818.1,0.1375,0.9686,0.4346,2555.7
1625,6.97,0.159,16820.1,0.1479,0.9688,0.4674,2556.2
1626,7.54,0.013,16822.2,0.1155,0.9689,0.3651,2556.6
1627,7.06,-0.707,16824.1,0.0855,0.969,0.2701,2556.8
1628,2.45,-0.981,16824.8,0.0716,0.9691,0.2262,2557.1
1629,0.0,-0.341,16824.8,0.1276,0.9693,0.4031,2557.5
1630,0.0,0.232,16824.8,0.1276,0.9694,0.4031,2557.9
1631,1.67,0.556,16825.3,0.1091,0.9695,0.3448,2558.2
1632,4.0,0.324,16826.4,0.1298,0.9697,0.4103,2558.6
1633,4.0,0.019,16827.5,0.0882,0.9698,0.2789,2558.9
1634,4.14,0.096,16828.6,0.0997,0.9699,0.3151,2559.2
1635,4.69,0.011,16829.9,0.0899,0.97,0.284,2559.5
1636,4.22,-0.308,16831.1,0.0716,0.9701,0.2262,2559.7
1637,2.47,-0.308,16831.8,0.0716,0.9702,0.2262,2560.0
1638,2.0,-0.066,16832.3,0.0741,0.9703,0.2342,2560.2
1639,2.0,-0.041,16832.9,0.0758,0.9704,0.2396,2560.4
1640,1.7,-0.143,16833.4,0.0716,0.9705,0.2262,2560.7
1641,0.97,-0.204,16833.6,0.1276,0.9706,0.4031,2561.1
1642,0.23,-0.135,16833.7,0.1276,0.9708,0.4031,2561.5
1643,0.0,-0.032,16833.7,0.1276,0.9709,0.4031,2561.9
1644,0.0,0.0,16833.7,0.1276,0.9711,0.4031,2562.3
1645,0.0,0.0,16833.7,0.1276,0.9712,0.4031,2562.7
1646,0.0,0.0,16833.7,0.1276,0.9714,0.4031,2563.1
1647,0.0,0.0,16833.7,0.1276,0.9715,0.4031,2563.5
1648,0.0,0.0,16833.7,0.1276,0.9717,0.4031,2563.9
1649,0.0,0.0,16833.7,0.1276,0.9718,0.4031,2564.3
1650,0.0,0.0,16833.7,0.1276,0.972,0.4031,2564.7
1651,0.0,0.0,16833.7,0.1276,0.9721,0.4031,2565.1
1652,0.0,0.0,16833.7,0.1276,0.9723,0.4031,2565.5
1653,0.0,0.0,16833.7,0.1276,0.9724,0.4031,2565.9
1654,0.0,0.0,16833.7,0.1276,0.9726,0.4031,2566.3
1655,0.0,0.0,16833.7,0.1276,0.9728,0.4031,2566.7
1656,0.0,0.0,16833.7,0.1276,0.9729,0.4031,2567.1
1657,0.0,0.0,16833.7,0.1276,0.9731,0.4031,2567.5
1658,0.0,0.0,16833.7,0.1276,0.9732,0.4031,2567.9
1659,0.0,0.0,16833.7,0.1276,0.9734,0.4031,2568.3
1660,0.0,0.0,16833.7,0.1276,0.9735,0.4031,2568.7
1661,0.0,0.0,16833.7,0.1276,0.9737,0.4031,2569.1
1662,0.0,0.0,16833.7,0.1276,0.9738,0.4031,2569.5
1663,0.0,0.0,16833.7,0.1276,0.974,0.4031,2569.9
1664,0.0,0.0,16833.7,0.1276,0.9741,0.4031,2570.3
1665,0.0,0.0,16833.7,0.1276,0.9743,0.4031,2570.7
1666,0.0,0.0,16833.7,0.1276,0.9744,0.4031,2571.1
1667,0.0,0.0,16833.7,0.1276,0.9746,0.4031,2571.5
1668,0.0,0.0,16833.7,0.1276,0.9747,0.4031,2572.0
1669,0.0,0.0,16833.7,0.1276,0.9749,0.4031,2572.4
1670,0.0,0.0,16833.7,0.1276,0.975,0.4031,2572.8
1671,0.0,0.0,16833.7,0.1276,0.9752,0.4031,2573.2
1672,0.0,0.0,16833.7,0.1276,0.9754,0.4031,2573.6
1673,0.0,0.0,16833.7,0.1276,0.9755,0.4031,2574.0
1674,0.0,0.0,16833.7,0.1276,0.9757,0.4031,2574.4
1675,0.0,0.0,16833.7,0.1276,0.9758,0.4031,2574.8
1676,0.0,0.0,16833.7,0.1276,0.976,0.4031,2575.2
1677,0.0,0.0,16833.7,0.1276,0.9761,0.4031,2575.6
1678,0.0,0.0,16833.7,0.1276,0.9763,0.4031,2576.0
1679,0.0,0.0,16833.7,0.1276,0.9764,0.4031,2576.4
1680,0.0,0.0,16833.7,0.1276,0.9766,0.4031,2576.8
1681,0.0,0.0,16833.7,0.1276,0.9767,0.4031,2577.2
1682,0.0,0.0,16833.7,0.1276,0.9769,0.4031,2577.6
1683,0.0,0.0,16833.7,0.1276,0.977,0.4031,2578.0
1684,0.0,0.0,16833.7,0.1276,0.9772,0.4031,2578.4
1685,0.0,0.0,16833.7,0.1276,0.9773,0.4031,2578.8
1686,0.0,0.0,16833.7,0.1276,0.9775,0.4031,2579.2
1687,0.0,0.0,16833.7,0.1276,0.9776,0.4031,2579.6
1688,0.0,0.0,16833.7,0.1276,0.9778,0.4031,2580.0
1689,0.0,0.0,16833.7,0.1276,0.9779,0.4031,2580.4
1690,0.0,0.0,16833.7,0.1276,0.9781,0.4031,2580.8
1691,0.0,0.0,16833.7,0.1276,0.9783,0.4031,2581.2
1692,0.0,0.0,16833.7,0.1276,0.9784,0.4031,2581.6
1693,0.0,0.0,16833.7,0.1276,0.9786,0.4031,2582.0
1694,0.0,0.0,16833.7,0.1276,0.9787,0.4031,2582.4
1695,0.0,0.0,16833.7,0.1276,0.9789,0.4031,2582.8
1696,0.0,0.0,16833.7,0.1276,0.979,0.4031,2583.2
1697,0.0,0.0,16833.7,0.1276,0.9792,0.4031,2583.6
1698,0.0,0.0,16833.7,0.1276,0.9793,0.4031,2584.0
1699,0.0,0.0,16833.7,0.1276,0.9795,0.4031,2584.4
1700,0.0,0.0,16833.7,0.1276,0.9796,0.4031,2584.9
1701,0.0,0.0,16833.7,0.1276,0.9798,0.4031,2585.3
1702,0.0,0.0,16833.7,0.1276,0.9799,0.4031,2585.7
1703,0.0,0.0,16833.7,0.1276,0.9801,0.4031,2586.1
1704,0.0,0.0,16833.7,0.1276,0.9802,0.4031,2586.5
1705,0.0,0.0,16833.7,0.1276,0.9804,0.4031,2586.9
1706,0.0,0.0,16833.7,0.1276,0.9805,0.4031,2587.3
1707,0.0,0.0,16833.7,0.1276,0.9807,0.4031,2587.7
1708,0.0,0.0,16833.7,0.1276,0.9809,0.4031,2588.1
1709,0.0,0.0,16833.7,0.1276,0.981,0.4031,2588.5
1710,0.0,0.0,16833.7,0.1276,0.9812,0.4031,2588.9
1711,0.0,0.0,16833.7,0.1276,0.9813,0.4031,2589.3
1712,0.0,0.0,16833.7,0.1276,0.9815,0.4031,2589.7
1713,0.0,0.0,16833.7,0.1276,0.9816,0.4031,2590.1
1714,0.0,0.0,16833.7,0.1276,0.9818,0.4031,2590.5
1715,0.0,0.0,16833.7,0.1276,0.9819,0.4031,2590.9
1716,0.0,0.0,16833.7,0.1276,0.9821,0.4031,2591.3
1717,0.0,0.0,16833.7,0.1276,0.9822,0.4031,2591.7
1718,0.0,0.0,16833.7,0.1276,0.9824,0.4031,2592.1
1719,0.0,0.0,16833.7,0.1276,0.9825,0.4031,2592.5
1720,0.0,0.0,16833.7,0.1276,0.9827,0.4031,2592.9
1721,0.0,0.0,16833.7,0.1276,0.9828,0.4031,2593.3
1722,0.0,0.0,16833.7,0.1276,0.983,0.4031,2593.7
1723,0.0,0.0,16833.7,0.1276,0.9831,0.4031,2594.1
1724,0.0,0.0,16833.7,0.1276,0.9833,0.4031,2594.5
1725,0.0,0.0,16833.7,0.1276,0.9834,0.4031,2594.9
1726,0.0,0.0,16833.7,0.1276,0.9836,0.4031,2595.3
1727,0.0,0.0,16833.7,0.1276,0.9838,0.4031,2595.7
1728,0.0,0.0,16833.7,0.1276,0.9839,0.4031,2596.1
1729,0.0,0.0,16833.7,0.1276,0.9841,0.4031,2596.5
1730,0.0,0.0,16833.7,0.1276,0.9842,0.4031,2596.9
1731,0.0,0.0,16833.7,0.1276,0.9844,0.4031,2597.3
1732,0.0,0.0,16833.7,0.1276,0.9845,0.4031,2597.8
1733,0.0,0.0,16833.7,0.1276,0.9847,0.4031,2598.2
1734,0.0,0.0,16833.7,0.1276,0.9848,0.4031,2598.6
1735,0.0,0.0,16833.7,0.1276,0.985,0.4031,2599.0
1736,0.0,0.0,16833.7,0.1276,0.9851,0.4031,2599.4
1737,0.0,0.0,16833.7,0.1276,0.9853,0.4031,2599.8
1738,0.0,0.0,16833.7,0.1276,0.9854,0.4031,2600.2
1739,0.0,0.0,16833.7,0.1276,0.9856,0.4031,2600.6
1740,0.0,0.0,16833.7,0.1276,0.9857,0.4031,2601.0
1741,0.0,0.063,16833.7,0.1276,0.9859,0.4031,2601.4
1742,0.45,0.301,16833.8,0.1276,0.986,0.4031,2601.8
1743,2.16,0.665,16834.4,0.1281,0.9862,0.4049,2602.2
1744,5.24,1.034,16835.9,0.2887,0.9865,0.9122,2603.1
1745,9.61,0.964,16838.6,0.4356,0.9871,1.3766,2604.5
1746,12.18,0.596,16841.9,0.395,0.9875,1.2481,2605.7
1747,13.9,0.108,16845.8,0.2053,0.9878,0.6487,2606.4
1748,12.95,-0.241,16849.4,0.1035,0.9879,0.327,2606.7
1749,12.16,0.051,16852.8,0.1685,0.9881,0.5325,2607.2
1750,13.32,0.223,16856.5,0.2531,0.9884,0.7999,2608.0
1751,13.77,-0.016,16860.3,0.1461,0.9886,0.4616,2608.5
1752,13.2,0.089,16864.0,0.1914,0.9888,0.605,2609.1
1753,14.41,0.47,16868.0,0.387,0.9893,1.223,2610.3
1754,16.59,0.428,16872.6,0.4409,0.9898,1.3932,2611.7
1755,17.49,0.097,16877.4,0.2603,0.9901,0.8227,2612.5
1756,17.29,-0.603,16882.2,0.0206,0.9901,0.0651,2612.6
1757,13.16,-0.946,16885.9,0.1035,0.9903,0.327,2612.9
1758,10.48,-0.524,16888.8,0.1035,0.9904,0.327,2613.3
1759,9.38,-0.102,16891.4,0.0863,0.9905,0.2727,2613.5
1760,9.74,0.209,16894.1,0.1897,0.9907,0.5994,2614.1
1761,10.89,0.395,16897.1,0.2892,0.9911,0.914,2615.0
1762,12.58,0.506,16900.6,0.366,0.9915,1.1566,2616.2
1763,14.53,0.65,16904.7,0.4786,0.9921,1.5124,2617.7
1764,17.27,0.649,16909.5,0.5837,0.9928,1.8446,2619.6
1765,19.2,0.346,16914.8,0.4362,0.9933,1.3784,2620.9
1766,19.76,-0.198,16920.3,0.1374,0.9935,0.4342,2621.4
1767,17.78,-0.826,16925.2,0.0206,0.9935,0.0651,2621.4
1768,13.81,-0.997,16929.1,0.1035,0.9936,0.327,2621.8
1769,10.6,-0.766,16932.0,0.1035,0.9937,0.327,2622.1
1770,8.29,-0.028,16934.3,0.107,0.9939,0.3382,2622.4
1771,10.39,0.572,16937.2,0.3433,0.9943,1.0849,2623.5
1772,12.42,0.525,16940.7,0.3707,0.9947,1.1714,2624.7
1773,14.18,0.614,16944.6,0.4521,0.9953,1.4285,2626.1
1774,16.83,0.847,16949.3,0.6858,0.9961,2.1671,2628.3
1775,20.27,0.967,16954.9,0.9222,0.9972,2.9143,2631.2
1776,23.8,0.949,16961.5,1.0363,0.9984,3.2746,2634.5
1777,27.11,0.616,16969.0,0.8289,0.9994,2.6192,2637.1
1778,28.23,0.363,16976.9,0.6146,1.0002,1.9422,2639.0
1779,29.72,0.523,16985.1,0.8031,1.0011,2.5377,2641.6
1780,32.0,0.455,16994.0,0.8015,1.0021,2.5326,2644.1
1781,33.0,0.139,17003.2,0.4672,1.0026,1.4763,2645.6
1782,33.0,-0.123,17012.4,0.1724,1.0029,0.5448,2646.1
1783,32.12,-0.287,17021.3,0.0254,1.0029,0.0804,2646.2
1784,30.93,-0.323,17029.9,0.0254,1.0029,0.0804,2646.3
1785,29.79,-0.362,17038.2,0.0225,1.0029,0.0712,2646.4
1786,28.33,-0.508,17046.0,0.0225,1.003,0.0712,2646.4
1787,26.13,-0.542,17053.3,0.0225,1.003,0.0712,2646.5
1788,24.43,-0.402,17060.1,0.0265,1.003,0.0839,2646.6
1789,23.24,-0.446,17066.5,0.0265,1.0031,0.0839,2646.7
1790,21.22,-0.596,17072.4,0.0265,1.0031,0.0839,2646.7
1791,18.95,-1.09,17077.7,0.0206,1.0031,0.0651,2646.8
1792,13.37,-1.365,17081.4,0.1035,1.0032,0.327,2647.1
1793,9.12,-0.512,17083.9,0.0855,1.0033,0.2701,2647.4
1794,9.68,0.26,17086.6,0.2059,1.0036,0.6505,2648.1
1795,10.99,0.505,17089.7,0.3322,1.004,1.0497,2649.1
1796,13.31,0.844,17093.4,0.5348,1.0046,1.6901,2650.8
1797,17.07,1.125,17098.1,0.8555,1.0056,2.7034,2653.5
1798,21.41,0.685,17104.1,0.759,1.0066,2.3985,2655.9
1799,22.0,0.016,17110.2,0.2736,1.0069,0.8647,2656.8
1800,21.53,-1.282,17116.1,0.0265,1.0069,0.0839,2656.9
1801,12.77,-2.175,17119.7,0.1035,1.007,0.327,2657.2
1802,5.87,-1.038,17121.3,0.0855,1.0071,0.2701,2657.4
1803,5.29,0.147,17122.8,0.1306,1.0073,0.4128,2657.9
1804,6.93,0.776,17124.7,0.2933,1.0077,0.927,2658.8
1805,10.88,0.814,17127.7,0.4445,1.0082,1.4046,2660.2
1806,12.79,0.416,17131.3,0.3312,1.0086,1.0466,2661.2
1807,13.88,0.169,17135.2,0.234,1.0089,0.7395,2662.0
1808,14.0,-0.02,17139.0,0.145,1.009,0.4581,2662.4
1809,13.73,-0.206,17142.9,0.1035,1.0092,0.327,2662.8
1810,12.52,-0.286,17146.3,0.1035,1.0093,0.327,2663.1
1811,11.68,-0.195,17149.6,0.1035,1.0094,0.327,2663.4
1812,11.11,-0.156,17152.7,0.1035,1.0095,0.327,2663.7
1813,10.56,-0.154,17155.6,0.1035,1.0097,0.327,2664.1
1814,10.0,0.003,17158.4,0.1403,1.0098,0.4433,2664.5
1815,10.58,0.181,17161.3,0.2067,1.0101,0.6532,2665.2
1816,11.3,0.26,17164.4,0.2443,1.0104,0.772,2665.9
1817,12.45,0.517,17167.9,0.368,1.0108,1.1627,2667.1
1818,15.03,0.898,17172.1,0.6527,1.0116,2.0624,2669.2
1819,18.92,0.748,17177.3,0.691,1.0124,2.1837,2671.3
1820,20.41,0.288,17183.0,0.455,1.013,1.4377,2672.8
1821,20.99,-0.066,17188.8,0.2099,1.0132,0.6632,2673.4
1822,19.94,-0.267,17194.4,0.0206,1.0132,0.0651,2673.5
1823,19.07,-0.051,17199.7,0.176,1.0134,0.5561,2674.1
1824,19.57,0.201,17205.1,0.3454,1.0139,1.0915,2675.2
1825,20.52,0.645,17210.8,0.7063,1.0147,2.2319,2677.4
1826,24.22,1.027,17217.5,1.1032,1.016,3.486,2680.9
1827,27.91,0.754,17225.3,0.9811,1.0172,3.1002,2684.0
1828,29.65,0.128,17233.5,0.4021,1.0177,1.2707,2685.3
1829,28.83,-0.226,17241.5,0.0225,1.0177,0.0712,2685.3
1830,28.02,-0.917,17249.3,0.0225,1.0177,0.0712,2685.4
1831,22.23,-1.628,17255.5,0.0265,1.0178,0.0839,2685.5
1832,16.3,-1.478,17260.0,0.0206,1.0178,0.0651,2685.5
1833,11.59,-1.096,17263.2,0.1035,1.0179,0.327,2685.9
1834,8.41,-0.883,17265.6,0.0855,1.018,0.2701,2686.1
1835,5.23,-0.014,17267.0,0.1014,1.0181,0.3204,2686.5
1836,8.31,0.924,17269.3,0.3768,1.0186,1.1907,2687.7
1837,11.88,0.494,17272.6,0.3464,1.019,1.0947,2688.7
1838,11.87,-0.23,17275.9,0.1035,1.0191,0.327,2689.1
1839,10.22,-0.601,17278.8,0.1035,1.0193,0.327,2689.4
1840,7.54,-0.743,17280.9,0.0855,1.0194,0.2701,2689.7
1841,4.88,-0.533,17282.2,0.0716,1.0194,0.2262,2689.9
1842,3.7,-0.096,17283.2,0.0725,1.0195,0.229,2690.1
1843,4.19,0.479,17284.4,0.1548,1.0197,0.489,2690.6
1844,7.15,0.912,17286.4,0.3331,1.0201,1.0527,2691.7
1845,10.76,1.036,17289.4,0.5222,1.0207,1.65,2693.3
1846,14.61,0.44,17293.4,0.3761,1.0212,1.1884,2694.5
1847,13.92,-0.19,17297.3,0.1035,1.0213,0.327,2694.8
1848,13.25,0.056,17301.0,0.1769,1.0215,0.5589,2695.4
1849,14.33,0.243,17305.0,0.2745,1.0219,0.8675,2696.3
1850,15.0,0.093,17309.1,0.2399,1.0221,0.7582,2697.0
1851,15.0,-0.137,17313.3,0.1374,1.0223,0.4342,2697.5
1852,14.02,-0.376,17317.2,0.1035,1.0224,0.327,2697.8
1853,12.3,-0.622,17320.6,0.1035,1.0226,0.327,2698.1
1854,9.54,-0.82,17323.3,0.0855,1.0227,0.2701,2698.4
1855,6.4,-1.016,17325.0,0.0855,1.0228,0.2701,2698.6
1856,2.22,-0.59,17325.7,0.0716,1.0228,0.2262,2698.9
1857,2.14,0.627,17326.3,0.1248,1.023,0.3945,2699.3
1858,6.74,0.982,17328.1,0.335,1.0234,1.0585,2700.3
1859,9.21,0.576,17330.7,0.2992,1.0238,0.9454,2701.3
1860,10.89,0.176,17333.7,0.2079,1.024,0.657,2701.9
1861,10.48,-0.123,17336.6,0.1035,1.0241,0.327,2702.3
1862,10.0,-0.067,17339.4,0.1164,1.0243,0.3678,2702.6
1863,10.0,-0.106,17342.2,0.1035,1.0244,0.327,2702.9
1864,9.24,-0.427,17344.7,0.0855,1.0245,0.2701,2703.2
1865,6.93,-0.741,17346.7,0.0855,1.0246,0.2701,2703.5
1866,3.9,-0.909,17347.8,0.0716,1.0247,0.2262,2703.7
1867,0.39,-0.326,17347.9,0.1276,1.0248,0.4031,2704.1
1868,1.55,0.363,17348.3,0.0962,1.0249,0.304,2704.4
1869,3.0,0.201,17349.1,0.1027,1.0251,0.3245,2704.7
1870,3.0,-0.037,17350.0,0.0783,1.0252,0.2475,2705.0
1871,2.73,-0.12,17350.7,0.0716,1.0252,0.2262,2705.2
1872,2.14,-0.043,17351.3,0.076,1.0253,0.24,2705.5
1873,2.43,0.117,17352.0,0.0898,1.0254,0.2838,2705.7
1874,2.98,0.002,17352.8,0.0823,1.0255,0.2599,2706.0
1875,2.44,-0.136,17353.5,0.0716,1.0256,0.2262,2706.2
1876,2.0,-0.062,17354.0,0.0744,1.0257,0.235,2706.5
1877,2.0,-0.037,17354.6,0.0761,1.0258,0.2404,2706.7
1878,1.73,-0.117,17355.1,0.0716,1.0259,0.2262,2706.9
1879,1.16,-0.163,17355.4,0.0716,1.026,0.2262,2707.2
1880,0.56,-0.132,17355.6,0.1276,1.0261,0.4031,2707.6
1881,0.21,0.254,17355.6,0.1276,1.0263,0.4031,2708.0
1882,2.39,0.589,17356.3,0.128,1.0264,0.4044,2708.4
1883,4.45,0.527,17357.5,0.1672,1.0266,0.5284,2708.9
1884,6.18,0.313,17359.2,0.1732,1.0268,0.5475,2709.4
1885,6.7,-0.005,17361.1,0.108,1.027,0.3414,2709.8
1886,6.14,-0.268,17362.8,0.0855,1.0271,0.2701,2710.1
1887,4.78,-0.419,17364.1,0.0716,1.0272,0.2262,2710.3
1888,3.13,-0.454,17365.0,0.0716,1.0273,0.2262,2710.5
1889,1.51,-0.435,17365.4,0.0716,1.0273,0.2262,2710.7
1890,0.0,-0.21,17365.4,0.1276,1.0275,0.4031,2711.1
1891,0.0,0.0,17365.4,0.1276,1.0276,0.4031,2711.5
1892,0.0,0.0,17365.4,0.1276,1.0278,0.4031,2711.9
1893,0.0,0.0,17365.4,0.1276,1.0279,0.4031,2712.3
1894,0.0,0.0,17365.4,0.1276,1.0281,0.4031,2712.8
1895,0.0,0.0,17365.4,0.1276,1.0283,0.4031,2713.2
1896,0.0,0.0,17365.4,0.1276,1.0284,0.4031,2713.6
